,,,actor_behavior,actor_behavior,duration_hours
,,,count,percentage,mean
source,sink,actor_behavior,,,
O_Create Offer-COMPLETE,O_Created-COMPLETE,all,42995,1.0,0.00014877052887286635
O_Create Offer-COMPLETE,O_Created-COMPLETE,continuation,42995,1.0,0.00014877052887286635
W_Validate application-SCHEDULE,W_Validate application-START,all,39012,1.0,2.1360948767900478e-08
W_Validate application-SCHEDULE,W_Validate application-START,continuation,39012,1.0,2.1360948767900478e-08
W_Validate application-START,A_Validating-COMPLETE,all,38816,1.0,3.2546716130805165e-05
W_Validate application-START,A_Validating-COMPLETE,continuation,38816,1.0,3.2546716130805165e-05
W_Call incomplete files-SUSPEND,W_Call incomplete files-RESUME,all,38670,1.0,24.503520587305694
W_Call incomplete files-SUSPEND,W_Call incomplete files-RESUME,continuation,2377,0.06146883889319886,0.0630462067031272
W_Call incomplete files-SUSPEND,W_Call incomplete files-RESUME,handover_idle,4,0.0001034393586759762,84.65319444444444
W_Call incomplete files-SUSPEND,W_Call incomplete files-RESUME,interruption,3913,0.10118955262477372,15.842035025697816
W_Call incomplete files-RESUME,W_Call incomplete files-SUSPEND,all,35830,1.0,0.06800835736657673
W_Call incomplete files-RESUME,W_Call incomplete files-SUSPEND,continuation,34953,0.9755233044934413,0.0548026476824434
W_Call incomplete files-RESUME,W_Call incomplete files-SUSPEND,interruption,744,0.020764722299748815,0.2041468787335723
O_Created-COMPLETE,O_Sent (mail and online)-COMPLETE,all,35604,1.0,0.11748703329213946
O_Created-COMPLETE,O_Sent (mail and online)-COMPLETE,continuation,35512,0.9974160206718347,0.017170283597406823
O_Created-COMPLETE,O_Sent (mail and online)-COMPLETE,handover_idle,1,2.808673182788451e-05,14.355555555555556
O_Created-COMPLETE,O_Sent (mail and online)-COMPLETE,interruption,42,0.0011796427367711494,4.249007936507936
W_Validate application-SUSPEND,W_Validate application-RESUME,all,33698,1.0,24.0582571006522
W_Validate application-SUSPEND,W_Validate application-RESUME,continuation,2905,0.08620689655172414,0.6031614075349014
W_Validate application-SUSPEND,W_Validate application-RESUME,handover_idle,12,0.00035610421983500506,41.84113425925926
W_Validate application-SUSPEND,W_Validate application-RESUME,interruption,6004,0.1781708113241142,6.5179127803686425
W_Call after offers-SCHEDULE,W_Call after offers-START,all,31423,1.0,0.13965731046261232
W_Call after offers-SCHEDULE,W_Call after offers-START,continuation,31397,0.9991725805938325,0.0
W_Call after offers-START,A_Complete-COMPLETE,all,31362,1.0,0.0
W_Call after offers-START,A_Complete-COMPLETE,continuation,31362,1.0,0.0
A_Complete-COMPLETE,W_Call after offers-SUSPEND,all,30204,1.0,0.13630349732927205
A_Complete-COMPLETE,W_Call after offers-SUSPEND,continuation,29498,0.9766256125016554,0.062128976729119115
A_Complete-COMPLETE,W_Call after offers-SUSPEND,interruption,334,0.011058137994967554,0.31193363273453095
A_Accepted-COMPLETE,O_Create Offer-COMPLETE,all,29966,1.0,0.21284661505261518
A_Accepted-COMPLETE,O_Create Offer-COMPLETE,continuation,29797,0.9943602749783087,0.06343963598125091
A_Accepted-COMPLETE,O_Create Offer-COMPLETE,handover_idle,1,3.337115397450444e-05,5.459444444444444
A_Accepted-COMPLETE,O_Create Offer-COMPLETE,interruption,27,0.0009010211573116198,4.678734567901235
W_Call after offers-RESUME,W_Call after offers-SUSPEND,all,28966,1.0,0.01758714239683307
W_Call after offers-RESUME,W_Call after offers-SUSPEND,continuation,28615,0.9878823448180626,0.012645620983555633
W_Call after offers-RESUME,W_Call after offers-SUSPEND,interruption,325,0.011220051094386523,0.03887777777777778
W_Call after offers-SUSPEND,W_Call after offers-RESUME,all,27633,1.0,92.4873985814063
W_Call after offers-SUSPEND,W_Call after offers-RESUME,continuation,706,0.025549162233561323,0.25216399118665406
W_Call after offers-SUSPEND,W_Call after offers-RESUME,handover_idle,2,7.237723012340318e-05,98.84
W_Call after offers-SUSPEND,W_Call after offers-RESUME,interruption,1090,0.03944559041725473,54.69286569826708
W_Call incomplete files-SCHEDULE,W_Call incomplete files-START,all,23055,1.0,0.0
W_Call incomplete files-SCHEDULE,W_Call incomplete files-START,continuation,23055,1.0,0.0
W_Call incomplete files-START,A_Incomplete-COMPLETE,all,23055,1.0,0.0
W_Call incomplete files-START,A_Incomplete-COMPLETE,continuation,23055,1.0,0.0
W_Complete application-SUSPEND,W_Complete application-RESUME,all,22347,1.0,19.66087908891574
W_Complete application-SUSPEND,W_Complete application-RESUME,continuation,2214,0.09907370116794201,0.10609480076282243
W_Complete application-SUSPEND,W_Complete application-RESUME,handover_idle,33,0.0014767082829910056,16.96532828282828
W_Complete application-SUSPEND,W_Complete application-RESUME,interruption,2003,0.08963171790396922,10.519099129084152
W_Validate application-RESUME,W_Validate application-SUSPEND,all,22115,1.0,0.13105971311578365
W_Validate application-RESUME,W_Validate application-SUSPEND,continuation,21382,0.9668550757404477,0.08211940988785998
W_Validate application-RESUME,W_Validate application-SUSPEND,interruption,535,0.02419172507347954,0.3824485981308411
A_Incomplete-COMPLETE,W_Call incomplete files-SUSPEND,all,22026,1.0,0.04489280345450326
A_Incomplete-COMPLETE,W_Call incomplete files-SUSPEND,continuation,21788,0.989194588213929,0.024906026252983295
A_Incomplete-COMPLETE,W_Call incomplete files-SUSPEND,interruption,171,0.007763552165622446,0.3511533463287849
W_Call after offers-SUSPEND,W_Call after offers-ATE_ABORT,all,21074,1.0,115.57623547446563
W_Call after offers-SUSPEND,W_Call after offers-ATE_ABORT,continuation,4,0.00018980734554427256,0.5249305555555556
W_Call after offers-SUSPEND,W_Call after offers-ATE_ABORT,handover_idle,16,0.0007592293821770903,97.40486111111112
W_Call after offers-SUSPEND,W_Call after offers-ATE_ABORT,interruption,51,0.002420043655689475,79.60992919389979
A_Validating-COMPLETE,O_Returned-COMPLETE,all,20673,1.0,0.016870757348554474
A_Validating-COMPLETE,O_Returned-COMPLETE,continuation,20672,0.9999516277269869,0.016858068885448916
A_Validating-COMPLETE,O_Returned-COMPLETE,interruption,1,4.837227301310889e-05,0.2791666666666667
A_Create Application-COMPLETE,A_Submitted-COMPLETE,all,20423,1.0,5.101818755542498e-05
A_Create Application-COMPLETE,A_Submitted-COMPLETE,continuation,20409,0.9993144983596925,5.088985796026808e-05
A_Create Application-COMPLETE,A_Submitted-COMPLETE,interruption,14,0.0006855016403074964,0.00023809523809523807
A_Submitted-COMPLETE,W_Handle leads-SCHEDULE,all,20423,1.0,6.487783381481663e-06
A_Submitted-COMPLETE,W_Handle leads-SCHEDULE,continuation,20415,0.9996082847769672,6.422292976297384e-06
A_Submitted-COMPLETE,W_Handle leads-SCHEDULE,interruption,8,0.0003917152230328551,0.00017361111111111112
W_Call after offers-ATE_ABORT,W_Validate application-SCHEDULE,all,19469,1.0,2.8535392447252328e-08
W_Call after offers-ATE_ABORT,W_Validate application-SCHEDULE,continuation,19469,1.0,2.8535392447252328e-08
W_Complete application-COMPLETE,W_Call after offers-SCHEDULE,all,19032,1.0,1.4595301480547382e-08
W_Complete application-COMPLETE,W_Call after offers-SCHEDULE,continuation,19032,1.0,1.4595301480547382e-08
O_Returned-COMPLETE,W_Validate application-SUSPEND,all,18794,1.0,0.08830281236328379
O_Returned-COMPLETE,W_Validate application-SUSPEND,continuation,18627,0.9911141853783122,0.07046378315825891
O_Returned-COMPLETE,W_Validate application-SUSPEND,interruption,110,0.005852931786740449,0.604739898989899
O_Sent (mail and online)-COMPLETE,W_Complete application-COMPLETE,all,18697,1.0,2.2285215096896115e-07
O_Sent (mail and online)-COMPLETE,W_Complete application-COMPLETE,continuation,18697,1.0,2.2285215096896115e-07
O_Accepted-COMPLETE,A_Pending-COMPLETE,all,17228,1.0,6.449449217036865e-08
O_Accepted-COMPLETE,A_Pending-COMPLETE,continuation,17228,1.0,6.449449217036865e-08
W_Complete application-SCHEDULE,A_Concept-COMPLETE,all,16997,1.0,0.0
W_Complete application-SCHEDULE,A_Concept-COMPLETE,continuation,16997,1.0,0.0
W_Handle leads-SCHEDULE,W_Handle leads-WITHDRAW,all,16802,1.0,0.025177541694771786
W_Handle leads-SCHEDULE,W_Handle leads-WITHDRAW,continuation,14946,0.8895369598857279,0.016838488930520243
W_Handle leads-SCHEDULE,W_Handle leads-WITHDRAW,interruption,1771,0.1054041185573146,0.0200390551477508
W_Handle leads-WITHDRAW,W_Complete application-SCHEDULE,all,16780,1.0,3.310819758972322e-08
W_Handle leads-WITHDRAW,W_Complete application-SCHEDULE,continuation,16778,0.9998808104886769,3.311214421001046e-08
W_Handle leads-WITHDRAW,W_Complete application-SCHEDULE,interruption,2,0.00011918951132300358,0.0
A_Validating-COMPLETE,W_Validate application-SUSPEND,all,15836,1.0,0.054197433414723134
A_Validating-COMPLETE,W_Validate application-SUSPEND,continuation,15652,0.9883809042687547,0.03185432461595252
A_Validating-COMPLETE,W_Validate application-SUSPEND,handover_idle,1,6.314725940894166e-05,0.6286111111111111
A_Validating-COMPLETE,W_Validate application-SUSPEND,interruption,97,0.0061252841626673405,0.2957331042382589
W_Complete application-RESUME,W_Complete application-SUSPEND,all,15596,1.0,0.0449687241742897
W_Complete application-RESUME,W_Complete application-SUSPEND,continuation,15154,0.9716593998461144,0.03318295132931533
W_Complete application-RESUME,W_Complete application-SUSPEND,interruption,410,0.02628879199794819,0.13981978319783198
A_Concept-COMPLETE,W_Complete application-START,all,15065,1.0,29.011198215141793
A_Concept-COMPLETE,W_Complete application-START,handover_idle,17,0.0011284434118818453,35.41522875816993
W_Call incomplete files-ATE_ABORT,W_Validate application-SCHEDULE,all,14794,1.0,2.8164571222567705e-07
W_Call incomplete files-ATE_ABORT,W_Validate application-SCHEDULE,continuation,14794,1.0,2.8164571222567705e-07
W_Complete application-SCHEDULE,W_Complete application-START,all,14535,1.0,0.0
W_Complete application-SCHEDULE,W_Complete application-START,continuation,14535,1.0,0.0
W_Call incomplete files-SUSPEND,W_Call incomplete files-ATE_ABORT,all,13633,1.0,35.09855597528872
W_Call incomplete files-SUSPEND,W_Call incomplete files-ATE_ABORT,continuation,70,0.0051345998679674315,0.1273968253968254
W_Call incomplete files-SUSPEND,W_Call incomplete files-ATE_ABORT,interruption,119,0.008728819775544634,8.82345704948646
W_Validate application-ATE_ABORT,W_Call incomplete files-SCHEDULE,all,12270,1.0,0.0
W_Validate application-ATE_ABORT,W_Call incomplete files-SCHEDULE,continuation,12270,1.0,0.0
W_Validate application-SUSPEND,W_Validate application-ATE_ABORT,all,12177,1.0,33.7155799640488
W_Validate application-SUSPEND,W_Validate application-ATE_ABORT,continuation,453,0.037201281103720125,0.6663937944567083
W_Validate application-SUSPEND,W_Validate application-ATE_ABORT,handover_idle,4,0.00032848813336618213,2.2890277777777777
W_Validate application-SUSPEND,W_Validate application-ATE_ABORT,interruption,551,0.04524924037119159,10.518528433151845
W_Complete application-START,W_Complete application-SUSPEND,all,11905,1.0,0.05080524056185543
W_Complete application-START,W_Complete application-SUSPEND,continuation,11696,0.9824443511129778,0.03666854290165679
W_Complete application-START,W_Complete application-SUSPEND,interruption,176,0.014783704325913482,0.12213541666666666
W_Complete application-START,A_Concept-COMPLETE,all,11123,1.0,7.491983577571998e-08
W_Complete application-START,A_Concept-COMPLETE,continuation,11123,1.0,7.491983577571998e-08
W_Validate application-COMPLETE,W_Call incomplete files-SCHEDULE,all,10782,1.0,0.0
W_Validate application-COMPLETE,W_Call incomplete files-SCHEDULE,continuation,10782,1.0,0.0
W_Complete application-ATE_ABORT,W_Call after offers-SCHEDULE,all,10477,1.0,0.0
W_Complete application-ATE_ABORT,W_Call after offers-SCHEDULE,continuation,10477,1.0,0.0
O_Sent (mail and online)-COMPLETE,W_Complete application-ATE_ABORT,all,10373,1.0,2.677892391572137e-08
O_Sent (mail and online)-COMPLETE,W_Complete application-ATE_ABORT,continuation,10373,1.0,2.677892391572137e-08
A_Cancelled-COMPLETE,O_Cancelled-COMPLETE,all,10270,1.0,4.327599264308125e-07
A_Cancelled-COMPLETE,O_Cancelled-COMPLETE,continuation,10268,0.9998052580331062,4.3284421936545036e-07
A_Cancelled-COMPLETE,O_Cancelled-COMPLETE,interruption,2,0.00019474196689386563,0.0
W_Complete application-SUSPEND,A_Accepted-COMPLETE,all,9457,1.0,21.08790372798515
W_Complete application-SUSPEND,A_Accepted-COMPLETE,continuation,309,0.03267420958020514,0.25922689679971234
W_Complete application-SUSPEND,A_Accepted-COMPLETE,handover_idle,11,0.0011631595643438722,8.391616161616161
W_Complete application-SUSPEND,A_Accepted-COMPLETE,interruption,350,0.037009622501850484,13.313557936507937
A_Concept-COMPLETE,A_Accepted-COMPLETE,all,9231,1.0,5.1054513776044494
A_Concept-COMPLETE,A_Accepted-COMPLETE,continuation,7296,0.7903802404939877,0.0745952119883041
A_Concept-COMPLETE,A_Accepted-COMPLETE,interruption,15,0.0016249593760155996,0.17679629629629628
A_Pending-COMPLETE,W_Validate application-ATE_ABORT,all,8939,1.0,0.0
A_Pending-COMPLETE,W_Validate application-ATE_ABORT,continuation,8939,1.0,0.0
W_Validate application-SUSPEND,O_Accepted-COMPLETE,all,8674,1.0,23.91232738964466
W_Validate application-SUSPEND,O_Accepted-COMPLETE,continuation,157,0.018100069172238876,0.3899504600141543
W_Validate application-SUSPEND,O_Accepted-COMPLETE,handover_idle,2,0.00023057412958266084,1.0776388888888888
W_Validate application-SUSPEND,O_Accepted-COMPLETE,interruption,463,0.05337791099838598,6.97485781137509
O_Cancelled-COMPLETE,W_Call after offers-ATE_ABORT,all,8262,1.0,2.319778907447753
O_Cancelled-COMPLETE,W_Call after offers-ATE_ABORT,continuation,8156,0.9871701767126604,0.0
O_Cancelled-COMPLETE,W_Call after offers-ATE_ABORT,interruption,1,0.00012103606874848704,0.0
A_Create Application-COMPLETE,W_Complete application-SCHEDULE,all,7697,1.0,0.0
A_Create Application-COMPLETE,W_Complete application-SCHEDULE,continuation,7697,1.0,0.0
W_Call after offers-SUSPEND,A_Cancelled-COMPLETE,all,7573,1.0,553.1804322740144
W_Call after offers-SUSPEND,A_Cancelled-COMPLETE,continuation,9,0.0011884325894625644,0.2540123456790124
W_Call after offers-SUSPEND,A_Cancelled-COMPLETE,handover_idle,1,0.00013204806549584047,76.54777777777778
W_Call after offers-SUSPEND,A_Cancelled-COMPLETE,interruption,56,0.0073946916677670674,65.86865079365079
W_Complete application-START,A_Accepted-COMPLETE,all,6749,1.0,0.11007338535750152
W_Complete application-START,A_Accepted-COMPLETE,continuation,6742,0.9989628093050822,0.10980684926991661
W_Complete application-START,A_Accepted-COMPLETE,interruption,1,0.0001481700992739665,0.21
W_Validate application-RESUME,W_Validate application-COMPLETE,all,6575,1.0,0.3081973384030418
W_Validate application-RESUME,W_Validate application-COMPLETE,continuation,6547,0.9957414448669202,0.3079502486295674
W_Validate application-RESUME,W_Validate application-COMPLETE,interruption,11,0.0016730038022813689,0.29436868686868684
W_Complete application-RESUME,A_Accepted-COMPLETE,all,6043,1.0,0.12750841193667603
W_Complete application-RESUME,A_Accepted-COMPLETE,continuation,6023,0.996690385570081,0.1276989134244655
W_Complete application-RESUME,A_Accepted-COMPLETE,interruption,2,0.00033096144299189144,0.17277777777777775
A_Pending-COMPLETE,W_Call incomplete files-ATE_ABORT,all,4876,1.0,0.0
A_Pending-COMPLETE,W_Call incomplete files-ATE_ABORT,continuation,4876,1.0,0.0
W_Call incomplete files-SUSPEND,O_Accepted-COMPLETE,all,4743,1.0,129.52771534659266
W_Call incomplete files-SUSPEND,O_Accepted-COMPLETE,continuation,15,0.0031625553447185324,0.15281481481481482
W_Call incomplete files-SUSPEND,O_Accepted-COMPLETE,handover_idle,1,0.0002108370229812355,327.05055555555555
W_Call incomplete files-SUSPEND,O_Accepted-COMPLETE,interruption,72,0.015180265654648957,80.48247299382716
O_Cancelled-COMPLETE,O_Cancelled-COMPLETE,all,4426,1.0,0.15961753778179447
O_Cancelled-COMPLETE,O_Cancelled-COMPLETE,continuation,4423,0.9993221870763669,0.00028814027683573244
O_Created-COMPLETE,O_Create Offer-COMPLETE,all,3887,1.0,0.39886044650258695
O_Created-COMPLETE,O_Create Offer-COMPLETE,continuation,3871,0.9958837149472601,0.01867533511294813
O_Created-COMPLETE,O_Create Offer-COMPLETE,interruption,5,0.0012863390789812194,1.7426666666666666
A_Concept-COMPLETE,W_Complete application-SUSPEND,all,3806,1.0,0.02591076954516261
A_Concept-COMPLETE,W_Complete application-SUSPEND,continuation,3781,0.9934314240672623,0.017471347967909726
A_Concept-COMPLETE,W_Complete application-SUSPEND,interruption,14,0.0036784025223331584,0.03132936507936508
A_Denied-COMPLETE,O_Refused-COMPLETE,all,3720,1.0,2.2401433691756274e-07
A_Denied-COMPLETE,O_Refused-COMPLETE,continuation,3720,1.0,2.2401433691756274e-07
W_Handle leads-SCHEDULE,W_Handle leads-START,all,3644,1.0,5.685394179168192
W_Handle leads-SCHEDULE,W_Handle leads-START,continuation,23,0.006311745334796927,0.0
W_Handle leads-SCHEDULE,W_Handle leads-START,handover_idle,7,0.0019209659714599342,9.947619047619048
W_Call after offers-SUSPEND,O_Create Offer-COMPLETE,all,3636,1.0,132.75175903006968
W_Call after offers-SUSPEND,O_Create Offer-COMPLETE,continuation,35,0.009625962596259627,0.23677777777777778
W_Call after offers-SUSPEND,O_Create Offer-COMPLETE,handover_idle,2,0.00055005500550055,43.71333333333333
W_Call after offers-SUSPEND,O_Create Offer-COMPLETE,interruption,143,0.03932893289328933,79.63926573426573
W_Handle leads-COMPLETE,W_Complete application-SCHEDULE,all,3492,1.0,1.5909380170548556e-07
W_Handle leads-COMPLETE,W_Complete application-SCHEDULE,continuation,3492,1.0,1.5909380170548556e-07
A_Create Application-COMPLETE,A_Concept-COMPLETE,all,3389,1.0,8.196452575325399e-08
A_Create Application-COMPLETE,A_Concept-COMPLETE,continuation,3389,1.0,8.196452575325399e-08
A_Concept-COMPLETE,W_Complete application-SCHEDULE,all,3389,1.0,0.0
A_Concept-COMPLETE,W_Complete application-SCHEDULE,continuation,3389,1.0,0.0
A_Pending-COMPLETE,W_Validate application-COMPLETE,all,3352,1.0,0.0
A_Pending-COMPLETE,W_Validate application-COMPLETE,continuation,3352,1.0,0.0
W_Call after offers-ATE_ABORT,W_Call after offers-SCHEDULE,all,3274,1.0,0.0
W_Call after offers-ATE_ABORT,W_Call after offers-SCHEDULE,continuation,3273,0.9996945632254124,0.0
W_Call after offers-ATE_ABORT,W_Call after offers-SCHEDULE,interruption,1,0.00030543677458766036,0.0
O_Sent (mail and online)-COMPLETE,O_Sent (mail and online)-COMPLETE,all,3111,1.0,1.6875602700096435e-05
O_Sent (mail and online)-COMPLETE,O_Sent (mail and online)-COMPLETE,continuation,3111,1.0,1.6875602700096435e-05
W_Validate application-RESUME,O_Accepted-COMPLETE,all,3019,1.0,0.1458584520260572
W_Validate application-RESUME,O_Accepted-COMPLETE,continuation,3002,0.9943689963564094,0.14509068028721592
W_Handle leads-START,W_Handle leads-COMPLETE,all,2743,1.0,0.02711416940089926
W_Handle leads-START,W_Handle leads-COMPLETE,continuation,2579,0.940211447320452,0.028365322476412047
W_Call after offers-WITHDRAW,W_Validate application-SCHEDULE,all,2204,1.0,0.0
W_Call after offers-WITHDRAW,W_Validate application-SCHEDULE,continuation,2204,1.0,0.0
W_Call incomplete files-COMPLETE,W_Validate application-SCHEDULE,all,2135,1.0,0.0
W_Call incomplete files-COMPLETE,W_Validate application-SCHEDULE,continuation,2135,1.0,0.0
W_Validate application-ATE_ABORT,O_Cancelled-COMPLETE,all,2123,1.0,3.9252629926205056e-07
W_Validate application-ATE_ABORT,O_Cancelled-COMPLETE,continuation,2123,1.0,3.9252629926205056e-07
A_Validating-COMPLETE,W_Validate application-COMPLETE,all,2088,1.0,0.02013423265219242
A_Validating-COMPLETE,W_Validate application-COMPLETE,continuation,2080,0.9961685823754789,0.019760416666666666
A_Validating-COMPLETE,W_Validate application-COMPLETE,interruption,4,0.0019157088122605363,0.12493055555555556
O_Returned-COMPLETE,W_Validate application-COMPLETE,all,2069,1.0,0.06743488534450352
O_Returned-COMPLETE,W_Validate application-COMPLETE,continuation,2069,1.0,0.06743488534450352
W_Call after offers-SCHEDULE,W_Call after offers-WITHDRAW,all,2010,1.0,148.74198949695963
O_Created-COMPLETE,O_Sent (online only)-COMPLETE,all,1895,1.0,0.2186876282615069
O_Created-COMPLETE,O_Sent (online only)-COMPLETE,continuation,1886,0.9952506596306069,0.010821697890891952
O_Created-COMPLETE,O_Sent (online only)-COMPLETE,interruption,2,0.0010554089709762533,10.763472222222221
W_Complete application-WITHDRAW,W_Call after offers-SCHEDULE,all,1853,1.0,0.0
W_Complete application-WITHDRAW,W_Call after offers-SCHEDULE,continuation,1853,1.0,0.0
O_Sent (mail and online)-COMPLETE,W_Complete application-WITHDRAW,all,1842,1.0,0.0
O_Sent (mail and online)-COMPLETE,W_Complete application-WITHDRAW,continuation,1842,1.0,0.0
W_Call incomplete files-RESUME,W_Call incomplete files-COMPLETE,all,1839,1.0,0.09890550419914204
W_Call incomplete files-RESUME,W_Call incomplete files-COMPLETE,continuation,1815,0.9869494290375204,0.0915428527701255
W_Call incomplete files-RESUME,W_Call incomplete files-COMPLETE,interruption,5,0.0027188689505165853,0.16855555555555554
O_Refused-COMPLETE,W_Validate application-ATE_ABORT,all,1739,1.0,0.0
O_Refused-COMPLETE,W_Validate application-ATE_ABORT,continuation,1739,1.0,0.0
W_Validate application-SUSPEND,A_Denied-COMPLETE,all,1725,1.0,46.43378615136876
W_Validate application-SUSPEND,A_Denied-COMPLETE,continuation,47,0.027246376811594204,0.7080200945626478
W_Validate application-SUSPEND,A_Denied-COMPLETE,handover_idle,2,0.0011594202898550724,70.77708333333334
W_Validate application-SUSPEND,A_Denied-COMPLETE,interruption,51,0.029565217391304348,13.021209150326799
O_Refused-COMPLETE,W_Validate application-COMPLETE,all,1550,1.0,0.0
O_Refused-COMPLETE,W_Validate application-COMPLETE,continuation,1550,1.0,0.0
W_Validate application-RESUME,A_Denied-COMPLETE,all,1496,1.0,0.2864889705882353
W_Validate application-RESUME,A_Denied-COMPLETE,continuation,1494,0.9986631016042781,0.28409526996876394
W_Call incomplete files-ATE_ABORT,O_Cancelled-COMPLETE,all,1405,1.0,0.0
W_Call incomplete files-ATE_ABORT,O_Cancelled-COMPLETE,continuation,1405,1.0,0.0
O_Sent (mail and online)-COMPLETE,W_Call after offers-ATE_ABORT,all,1384,1.0,175.29017260757868
O_Sent (mail and online)-COMPLETE,W_Call after offers-ATE_ABORT,continuation,1,0.000722543352601156,0.0030555555555555553
O_Sent (mail and online)-COMPLETE,W_Call after offers-ATE_ABORT,handover_idle,2,0.001445086705202312,102.29083333333332
A_Accepted-COMPLETE,W_Complete application-SUSPEND,all,1322,1.0,0.09361510337871912
A_Accepted-COMPLETE,W_Complete application-SUSPEND,continuation,1295,0.9795763993948563,0.0820019305019305
A_Accepted-COMPLETE,W_Complete application-SUSPEND,interruption,9,0.00680786686838124,0.1551851851851852
O_Sent (mail and online)-COMPLETE,W_Call after offers-RESUME,all,1262,1.0,75.34610891001937
O_Sent (mail and online)-COMPLETE,W_Call after offers-RESUME,handover_idle,1,0.000792393026941363,148.2188888888889
O_Sent (mail and online)-COMPLETE,W_Call after offers-RESUME,interruption,26,0.020602218700475437,71.2203205128205
W_Handle leads-SUSPEND,W_Handle leads-RESUME,all,1247,1.0,0.9274596810122072
W_Handle leads-SUSPEND,W_Handle leads-RESUME,continuation,402,0.322373696872494,0.14133360972913211
W_Handle leads-SUSPEND,W_Handle leads-RESUME,handover_idle,3,0.0024057738572574178,0.40805555555555556
W_Handle leads-SUSPEND,W_Handle leads-RESUME,interruption,146,0.11708099438652766,0.7642389649923896
W_Call incomplete files-SUSPEND,O_Create Offer-COMPLETE,all,1090,1.0,30.799765545361872
W_Call incomplete files-SUSPEND,O_Create Offer-COMPLETE,continuation,10,0.009174311926605505,0.1993888888888889
W_Call incomplete files-SUSPEND,O_Create Offer-COMPLETE,interruption,37,0.03394495412844037,36.463475975975975
W_Validate application-SUSPEND,W_Validate application-SUSPEND,all,1027,1.0,0.0
W_Validate application-SUSPEND,W_Validate application-SUSPEND,continuation,792,0.7711781888997079,0.0
W_Validate application-SUSPEND,W_Validate application-SUSPEND,interruption,235,0.22882181110029212,0.0
W_Call after offers-SUSPEND,W_Call after offers-SUSPEND,all,1000,1.0,0.0
W_Call after offers-SUSPEND,W_Call after offers-SUSPEND,continuation,777,0.777,0.0
W_Call after offers-SUSPEND,W_Call after offers-SUSPEND,interruption,223,0.223,0.0
W_Complete application-SUSPEND,O_Create Offer-COMPLETE,all,999,1.0,23.670765487709932
W_Complete application-SUSPEND,O_Create Offer-COMPLETE,continuation,142,0.14214214214214213,0.1649452269170579
W_Complete application-SUSPEND,O_Create Offer-COMPLETE,interruption,58,0.05805805805805806,12.52096264367816
W_Assess potential fraud-SUSPEND,W_Assess potential fraud-RESUME,all,996,1.0,27.757470437304775
W_Assess potential fraud-SUSPEND,W_Assess potential fraud-RESUME,continuation,98,0.09839357429718876,3.4470833333333335
W_Assess potential fraud-SUSPEND,W_Assess potential fraud-RESUME,handover_idle,2,0.002008032128514056,19.476805555555554
W_Assess potential fraud-SUSPEND,W_Assess potential fraud-RESUME,interruption,175,0.1757028112449799,22.663184126984127
O_Refused-COMPLETE,O_Refused-COMPLETE,all,975,1.0,0.0
O_Refused-COMPLETE,O_Refused-COMPLETE,continuation,975,1.0,0.0
O_Cancelled-COMPLETE,W_Call after offers-WITHDRAW,all,969,1.0,5.320064499484004
O_Cancelled-COMPLETE,W_Call after offers-WITHDRAW,continuation,948,0.978328173374613,0.0
W_Call after offers-SCHEDULE,A_Cancelled-COMPLETE,all,927,1.0,594.0581250749132
W_Call after offers-SCHEDULE,A_Cancelled-COMPLETE,interruption,839,0.9050701186623517,638.9113226724937
W_Handle leads-START,W_Handle leads-SUSPEND,all,909,1.0,0.10422961740618507
W_Handle leads-START,W_Handle leads-SUSPEND,continuation,872,0.9592959295929593,0.03161824668705403
W_Handle leads-START,W_Handle leads-SUSPEND,interruption,27,0.0297029702970297,0.25670781893004113
W_Validate application-COMPLETE,O_Cancelled-COMPLETE,all,889,1.0,0.0
W_Validate application-COMPLETE,O_Cancelled-COMPLETE,continuation,889,1.0,0.0
W_Handle leads-RESUME,W_Handle leads-COMPLETE,all,750,1.0,0.02886888888888889
W_Handle leads-RESUME,W_Handle leads-COMPLETE,continuation,739,0.9853333333333333,0.029013682153059692
A_Incomplete-COMPLETE,O_Returned-COMPLETE,all,746,1.0,0.028006032171581766
A_Incomplete-COMPLETE,O_Returned-COMPLETE,continuation,745,0.9986595174262735,0.028043251304996273
O_Returned-COMPLETE,W_Call incomplete files-SUSPEND,all,731,1.0,0.08217548259613923
O_Returned-COMPLETE,W_Call incomplete files-SUSPEND,continuation,716,0.9794801641586868,0.06675007759155804
O_Returned-COMPLETE,W_Call incomplete files-SUSPEND,interruption,13,0.017783857729138167,0.9084188034188034
W_Assess potential fraud-RESUME,W_Assess potential fraud-SUSPEND,all,726,1.0,0.885684113865932
W_Assess potential fraud-RESUME,W_Assess potential fraud-SUSPEND,continuation,618,0.8512396694214877,0.1997977346278317
W_Assess potential fraud-RESUME,W_Assess potential fraud-SUSPEND,interruption,54,0.0743801652892562,0.8737705761316873
W_Call incomplete files-RESUME,O_Create Offer-COMPLETE,all,726,1.0,0.10845270890725436
W_Call incomplete files-RESUME,O_Create Offer-COMPLETE,continuation,726,1.0,0.10845270890725436
W_Call incomplete files-SUSPEND,O_Returned-COMPLETE,all,719,1.0,53.39752781641169
W_Call incomplete files-SUSPEND,O_Returned-COMPLETE,continuation,13,0.01808066759388039,0.17258547008547007
W_Call incomplete files-SUSPEND,O_Returned-COMPLETE,interruption,6,0.008344923504867872,80.7250462962963
O_Created-COMPLETE,O_Cancelled-COMPLETE,all,704,1.0,0.4034824810606061
O_Created-COMPLETE,O_Cancelled-COMPLETE,continuation,695,0.9872159090909091,0.036498800959232615
O_Created-COMPLETE,O_Cancelled-COMPLETE,interruption,3,0.004261363636363636,0.4669444444444444
O_Returned-COMPLETE,W_Call incomplete files-ATE_ABORT,all,700,1.0,1.8782464285714287
O_Returned-COMPLETE,W_Call incomplete files-ATE_ABORT,continuation,646,0.9228571428571428,0.046242260061919505
O_Returned-COMPLETE,W_Call incomplete files-ATE_ABORT,interruption,20,0.02857142857142857,2.371027777777778
O_Cancelled-COMPLETE,O_Create Offer-COMPLETE,all,688,1.0,7.25343669250646
O_Cancelled-COMPLETE,O_Create Offer-COMPLETE,continuation,651,0.9462209302325582,0.03845323434033111
O_Cancelled-COMPLETE,O_Create Offer-COMPLETE,interruption,3,0.00436046511627907,0.8403703703703704
O_Sent (mail and online)-COMPLETE,W_Call after offers-SUSPEND,all,642,1.0,0.19316112841813776
O_Sent (mail and online)-COMPLETE,W_Call after offers-SUSPEND,continuation,623,0.9704049844236761,0.06603798822899946
O_Sent (mail and online)-COMPLETE,W_Call after offers-SUSPEND,interruption,8,0.012461059190031152,0.133125
W_Validate application-SUSPEND,O_Returned-COMPLETE,all,631,1.0,19.257999647825322
W_Validate application-SUSPEND,O_Returned-COMPLETE,continuation,86,0.13629160063391443,0.5140762273901809
W_Validate application-SUSPEND,O_Returned-COMPLETE,interruption,73,0.11568938193343899,4.909265601217656
W_Call incomplete files-SUSPEND,W_Call incomplete files-SUSPEND,all,579,1.0,0.0
W_Call incomplete files-SUSPEND,W_Call incomplete files-SUSPEND,continuation,421,0.7271157167530224,0.0
W_Call incomplete files-SUSPEND,W_Call incomplete files-SUSPEND,interruption,158,0.27288428324697755,0.0
O_Created-COMPLETE,W_Complete application-SUSPEND,all,560,1.0,0.13114781746031745
O_Created-COMPLETE,W_Complete application-SUSPEND,continuation,535,0.9553571428571429,0.0933785046728972
O_Created-COMPLETE,W_Complete application-SUSPEND,interruption,9,0.01607142857142857,0.2537037037037037
W_Complete application-RESUME,O_Create Offer-COMPLETE,all,552,1.0,0.13413798309178745
W_Complete application-RESUME,O_Create Offer-COMPLETE,continuation,531,0.9619565217391305,0.1362251517053777
O_Sent (mail and online)-COMPLETE,A_Cancelled-COMPLETE,all,546,1.0,665.7792358567358
O_Sent (mail and online)-COMPLETE,A_Cancelled-COMPLETE,continuation,9,0.016483516483516484,0.04268518518518519
O_Sent (mail and online)-COMPLETE,A_Cancelled-COMPLETE,interruption,4,0.007326007326007326,170.99395833333332
A_Complete-COMPLETE,O_Create Offer-COMPLETE,all,521,1.0,0.042229153337598635
A_Complete-COMPLETE,O_Create Offer-COMPLETE,continuation,520,0.9980806142034548,0.04230074786324786
O_Cancelled-COMPLETE,W_Call incomplete files-COMPLETE,all,497,1.0,0.00035378940308517773
O_Cancelled-COMPLETE,W_Call incomplete files-COMPLETE,continuation,496,0.9979879275653923,0.0
O_Cancelled-COMPLETE,W_Call incomplete files-COMPLETE,interruption,1,0.002012072434607646,0.17583333333333334
W_Call incomplete files-RESUME,A_Cancelled-COMPLETE,all,492,1.0,0.05935241644083108
W_Call incomplete files-RESUME,A_Cancelled-COMPLETE,continuation,486,0.9878048780487805,0.05732910379515318
W_Call incomplete files-RESUME,A_Cancelled-COMPLETE,interruption,4,0.008130081300813009,0.29180555555555554
W_Handle leads-RESUME,W_Handle leads-SUSPEND,all,489,1.0,0.1093342422176778
W_Handle leads-RESUME,W_Handle leads-SUSPEND,continuation,475,0.9713701431492843,0.03657076023391813
W_Handle leads-RESUME,W_Handle leads-SUSPEND,interruption,10,0.02044989775051125,0.20119444444444445
O_Returned-COMPLETE,O_Accepted-COMPLETE,all,483,1.0,5.142191741430872
O_Returned-COMPLETE,O_Accepted-COMPLETE,continuation,352,0.7287784679089027,0.05311395202020202
O_Returned-COMPLETE,O_Accepted-COMPLETE,interruption,40,0.08281573498964803,1.7593055555555555
O_Sent (online only)-COMPLETE,W_Call incomplete files-SUSPEND,all,421,1.0,0.04658683029823172
O_Sent (online only)-COMPLETE,W_Call incomplete files-SUSPEND,continuation,415,0.9857482185273159,0.044658634538152615
O_Sent (online only)-COMPLETE,W_Call incomplete files-SUSPEND,interruption,6,0.014251781472684086,0.1799537037037037
W_Validate application-RESUME,W_Validate application-START,all,406,1.0,0.6043856048166393
W_Validate application-RESUME,W_Validate application-START,continuation,391,0.9630541871921182,0.6170588235294118
W_Validate application-RESUME,W_Validate application-START,interruption,15,0.03694581280788178,0.2740370370370371
O_Sent (mail and online)-COMPLETE,O_Create Offer-COMPLETE,all,406,1.0,113.20024425287356
O_Sent (mail and online)-COMPLETE,O_Create Offer-COMPLETE,continuation,58,0.14285714285714285,0.059166666666666666
O_Sent (mail and online)-COMPLETE,O_Create Offer-COMPLETE,interruption,19,0.046798029556650245,62.15200292397661
O_Cancelled-COMPLETE,W_Call incomplete files-ATE_ABORT,all,401,1.0,1.1196979772790245
O_Cancelled-COMPLETE,W_Call incomplete files-ATE_ABORT,continuation,389,0.970074812967581,0.0005312767780634105
W_Call incomplete files-SUSPEND,A_Cancelled-COMPLETE,all,377,1.0,39.91828396699086
W_Call incomplete files-SUSPEND,A_Cancelled-COMPLETE,continuation,4,0.010610079575596816,0.8653472222222222
W_Call incomplete files-SUSPEND,A_Cancelled-COMPLETE,interruption,19,0.050397877984084884,16.79191520467836
O_Sent (mail and online)-COMPLETE,O_Cancelled-COMPLETE,all,363,1.0,5.800699418426691
O_Sent (mail and online)-COMPLETE,O_Cancelled-COMPLETE,continuation,337,0.928374655647383,0.014648862512363995
O_Sent (mail and online)-COMPLETE,O_Cancelled-COMPLETE,interruption,3,0.008264462809917356,1.2447222222222223
W_Validate application-START,W_Validate application-SUSPEND,all,335,1.0,0.3383747927031509
W_Validate application-START,W_Validate application-SUSPEND,continuation,295,0.8805970149253731,0.10855555555555556
W_Validate application-START,W_Validate application-SUSPEND,interruption,25,0.07462686567164178,0.43295555555555554
O_Sent (online only)-COMPLETE,W_Complete application-COMPLETE,all,335,1.0,0.0
O_Sent (online only)-COMPLETE,W_Complete application-COMPLETE,continuation,335,1.0,0.0
O_Cancelled-COMPLETE,O_Sent (mail and online)-COMPLETE,all,332,1.0,0.04997489959839357
O_Cancelled-COMPLETE,O_Sent (mail and online)-COMPLETE,continuation,331,0.9969879518072289,0.010715844243034576
O_Cancelled-COMPLETE,O_Sent (mail and online)-COMPLETE,interruption,1,0.0030120481927710845,13.044722222222221
W_Assess potential fraud-SCHEDULE,W_Assess potential fraud-START,all,324,1.0,0.7942626886145404
W_Assess potential fraud-SCHEDULE,W_Assess potential fraud-START,continuation,305,0.941358024691358,0.0
W_Assess potential fraud-START,W_Assess potential fraud-SUSPEND,all,312,1.0,0.19617432336182336
W_Assess potential fraud-START,W_Assess potential fraud-SUSPEND,continuation,299,0.9583333333333334,0.07228353771832033
W_Assess potential fraud-START,W_Assess potential fraud-SUSPEND,interruption,8,0.02564102564102564,1.6178124999999999
W_Complete application-SUSPEND,O_Sent (mail and online)-COMPLETE,all,311,1.0,4.240325116112897
W_Complete application-SUSPEND,O_Sent (mail and online)-COMPLETE,continuation,186,0.5980707395498392,0.05790621266427718
W_Complete application-SUSPEND,O_Sent (mail and online)-COMPLETE,interruption,29,0.0932475884244373,7.695277777777778
O_Sent (mail and online)-COMPLETE,W_Call incomplete files-SUSPEND,all,291,1.0,0.10373711340206186
O_Sent (mail and online)-COMPLETE,W_Call incomplete files-SUSPEND,continuation,284,0.9759450171821306,0.052458920187793426
O_Sent (mail and online)-COMPLETE,W_Call incomplete files-SUSPEND,interruption,3,0.010309278350515464,0.07129629629629629
A_Complete-COMPLETE,O_Cancelled-COMPLETE,all,287,1.0,0.03770712349980643
A_Complete-COMPLETE,O_Cancelled-COMPLETE,continuation,287,1.0,0.03770712349980643
W_Validate application-RESUME,O_Returned-COMPLETE,all,286,1.0,0.14422591297591297
W_Validate application-RESUME,O_Returned-COMPLETE,continuation,284,0.993006993006993,0.14353579812206574
W_Validate application-RESUME,O_Returned-COMPLETE,interruption,1,0.0034965034965034965,0.030833333333333334
W_Complete application-RESUME,O_Sent (mail and online)-COMPLETE,all,270,1.0,0.02386522633744856
W_Complete application-RESUME,O_Sent (mail and online)-COMPLETE,continuation,254,0.9407407407407408,0.02478565179352581
O_Sent (online only)-COMPLETE,W_Call incomplete files-ATE_ABORT,all,262,1.0,34.07523218829516
O_Sent (online only)-COMPLETE,W_Call incomplete files-ATE_ABORT,continuation,13,0.04961832061068702,0.1347008547008547
O_Sent (online only)-COMPLETE,W_Call incomplete files-ATE_ABORT,interruption,1,0.003816793893129771,0.3136111111111111
O_Sent (mail and online)-COMPLETE,W_Call incomplete files-RESUME,all,256,1.0,97.94530815972222
O_Sent (mail and online)-COMPLETE,W_Call incomplete files-RESUME,continuation,2,0.0078125,0.08208333333333334
O_Sent (mail and online)-COMPLETE,W_Call incomplete files-RESUME,interruption,3,0.01171875,150.2486111111111
A_Incomplete-COMPLETE,W_Call incomplete files-COMPLETE,all,251,1.0,0.02505865427180168
A_Incomplete-COMPLETE,W_Call incomplete files-COMPLETE,continuation,251,1.0,0.02505865427180168
W_Call after offers-SCHEDULE,O_Create Offer-COMPLETE,all,247,1.0,197.72067926225822
W_Assess potential fraud-SUSPEND,W_Assess potential fraud-SUSPEND,all,239,1.0,0.0
W_Assess potential fraud-SUSPEND,W_Assess potential fraud-SUSPEND,continuation,165,0.6903765690376569,0.0
W_Assess potential fraud-SUSPEND,W_Assess potential fraud-SUSPEND,interruption,74,0.30962343096234307,0.0
O_Cancelled-COMPLETE,W_Call after offers-SUSPEND,all,208,1.0,0.1245045405982906
O_Cancelled-COMPLETE,W_Call after offers-SUSPEND,continuation,205,0.9855769230769231,0.06470867208672086
W_Call after offers-COMPLETE,W_Validate application-SCHEDULE,all,207,1.0,0.0
W_Call after offers-COMPLETE,W_Validate application-SCHEDULE,continuation,207,1.0,0.0
A_Validating-COMPLETE,O_Accepted-COMPLETE,all,198,1.0,0.049197530864197536
A_Validating-COMPLETE,O_Accepted-COMPLETE,continuation,192,0.9696969696969697,0.03444155092592593
O_Returned-COMPLETE,W_Validate application-ATE_ABORT,all,197,1.0,16.831813310772702
O_Returned-COMPLETE,W_Validate application-ATE_ABORT,continuation,124,0.6294416243654822,0.1027665770609319
O_Returned-COMPLETE,W_Validate application-ATE_ABORT,interruption,7,0.03553299492385787,3.5924603174603176
A_Complete-COMPLETE,W_Call after offers-COMPLETE,all,192,1.0,0.01636140046296296
A_Complete-COMPLETE,W_Call after offers-COMPLETE,continuation,191,0.9947916666666666,0.015183246073298429
A_Complete-COMPLETE,W_Call after offers-COMPLETE,interruption,1,0.005208333333333333,0.24138888888888888
O_Sent (mail and online)-COMPLETE,W_Call incomplete files-ATE_ABORT,all,192,1.0,68.62672887731482
O_Sent (mail and online)-COMPLETE,W_Call incomplete files-ATE_ABORT,continuation,10,0.052083333333333336,0.01463888888888889
W_Call after offers-SUSPEND,O_Cancelled-COMPLETE,all,184,1.0,76.80395984299517
W_Call after offers-SUSPEND,O_Cancelled-COMPLETE,continuation,9,0.04891304347826087,0.1329320987654321
W_Call after offers-SUSPEND,O_Cancelled-COMPLETE,handover_idle,1,0.005434782608695652,49.69777777777778
W_Call after offers-SUSPEND,O_Cancelled-COMPLETE,interruption,15,0.08152173913043478,21.04562962962963
W_Validate application-START,W_Validate application-COMPLETE,all,184,1.0,0.2711352657004831
W_Validate application-START,W_Validate application-COMPLETE,continuation,180,0.9782608695652174,0.27180709876543213
O_Returned-COMPLETE,W_Validate application-RESUME,all,174,1.0,36.069971264367815
O_Returned-COMPLETE,W_Validate application-RESUME,continuation,2,0.011494252873563218,0.17166666666666666
O_Returned-COMPLETE,W_Validate application-RESUME,interruption,5,0.028735632183908046,0.5774444444444444
O_Sent (online only)-COMPLETE,W_Call incomplete files-RESUME,all,168,1.0,92.10347883597883
O_Sent (online only)-COMPLETE,W_Call incomplete files-RESUME,continuation,2,0.011904761904761904,0.21847222222222223
O_Sent (online only)-COMPLETE,W_Call incomplete files-RESUME,interruption,7,0.041666666666666664,46.90948412698413
O_Cancelled-COMPLETE,A_Cancelled-COMPLETE,all,166,1.0,92.52506693440428
O_Cancelled-COMPLETE,A_Cancelled-COMPLETE,continuation,132,0.7951807228915663,0.017119107744107746
O_Cancelled-COMPLETE,A_Cancelled-COMPLETE,interruption,4,0.024096385542168676,0.32999999999999996
O_Sent (online only)-COMPLETE,W_Call after offers-ATE_ABORT,all,165,1.0,165.47113973063972
O_Sent (online only)-COMPLETE,W_Call after offers-ATE_ABORT,continuation,2,0.012121212121212121,0.029722222222222223
A_Accepted-COMPLETE,W_Complete application-RESUME,all,162,1.0,41.412035322359394
A_Accepted-COMPLETE,W_Complete application-RESUME,continuation,8,0.04938271604938271,0.4115625
A_Accepted-COMPLETE,W_Complete application-RESUME,interruption,17,0.10493827160493827,21.620114379084967
W_Assess potential fraud-RESUME,W_Assess potential fraud-COMPLETE,all,161,1.0,0.05657349896480331
W_Assess potential fraud-RESUME,W_Assess potential fraud-COMPLETE,continuation,158,0.9813664596273292,0.05322257383966244
O_Sent (mail and online)-COMPLETE,W_Call after offers-WITHDRAW,all,158,1.0,225.9256364275668
O_Sent (mail and online)-COMPLETE,W_Call after offers-WITHDRAW,handover_idle,1,0.006329113924050633,266.05055555555555
W_Complete application-RESUME,W_Complete application-START,all,157,1.0,0.061266808209483374
W_Complete application-RESUME,W_Complete application-START,continuation,140,0.89171974522293,0.0570218253968254
W_Complete application-RESUME,W_Complete application-START,interruption,17,0.10828025477707007,0.09622549019607844
W_Call incomplete files-RESUME,W_Call incomplete files-START,all,152,1.0,0.15694627192982455
W_Call incomplete files-RESUME,W_Call incomplete files-START,continuation,127,0.8355263157894737,0.16870297462817146
W_Call incomplete files-RESUME,W_Call incomplete files-START,interruption,25,0.16447368421052633,0.09722222222222224
W_Handle leads-SUSPEND,W_Handle leads-ATE_ABORT,all,151,1.0,0.1820217071376012
W_Handle leads-SUSPEND,W_Handle leads-ATE_ABORT,continuation,7,0.046357615894039736,0.16710317460317461
W_Handle leads-SUSPEND,W_Handle leads-ATE_ABORT,interruption,1,0.006622516556291391,23.852222222222224
W_Handle leads-ATE_ABORT,W_Complete application-SCHEDULE,all,151,1.0,0.0
W_Handle leads-ATE_ABORT,W_Complete application-SCHEDULE,continuation,151,1.0,0.0
W_Assess potential fraud-COMPLETE,W_Validate application-SCHEDULE,all,141,1.0,0.0
W_Assess potential fraud-COMPLETE,W_Validate application-SCHEDULE,continuation,141,1.0,0.0
W_Call incomplete files-START,W_Call incomplete files-SUSPEND,all,138,1.0,0.16270330112721415
W_Call incomplete files-START,W_Call incomplete files-SUSPEND,continuation,110,0.7971014492753623,0.07971464646464646
W_Call incomplete files-START,W_Call incomplete files-SUSPEND,interruption,27,0.1956521739130435,0.09860082304526749
O_Created-COMPLETE,W_Complete application-RESUME,all,135,1.0,48.59668106995885
O_Created-COMPLETE,W_Complete application-RESUME,continuation,4,0.02962962962962963,0.1613888888888889
O_Created-COMPLETE,W_Complete application-RESUME,interruption,5,0.037037037037037035,39.09983333333333
O_Refused-COMPLETE,W_Call incomplete files-ATE_ABORT,all,127,1.0,0.0
O_Refused-COMPLETE,W_Call incomplete files-ATE_ABORT,continuation,127,1.0,0.0
W_Call incomplete files-SUSPEND,A_Denied-COMPLETE,all,126,1.0,20.75362654320988
W_Call incomplete files-SUSPEND,A_Denied-COMPLETE,continuation,2,0.015873015873015872,0.09930555555555556
W_Call incomplete files-SUSPEND,A_Denied-COMPLETE,interruption,16,0.12698412698412698,3.3807465277777777
W_Validate application-ATE_ABORT,W_Assess potential fraud-SCHEDULE,all,125,1.0,0.0
W_Validate application-ATE_ABORT,W_Assess potential fraud-SCHEDULE,continuation,125,1.0,0.0
W_Validate application-COMPLETE,W_Assess potential fraud-SCHEDULE,all,123,1.0,0.0
W_Validate application-COMPLETE,W_Assess potential fraud-SCHEDULE,continuation,123,1.0,0.0
O_Sent (online only)-COMPLETE,O_Returned-COMPLETE,all,122,1.0,31.726127049180327
O_Sent (online only)-COMPLETE,O_Returned-COMPLETE,continuation,10,0.08196721311475409,0.001861111111111111
O_Cancelled-COMPLETE,W_Call after offers-RESUME,all,120,1.0,88.63920601851852
O_Cancelled-COMPLETE,W_Call after offers-RESUME,interruption,4,0.03333333333333333,94.82930555555555
W_Call after offers-START,W_Call after offers-SUSPEND,all,116,1.0,0.0884147509578544
W_Call after offers-START,W_Call after offers-SUSPEND,continuation,104,0.896551724137931,0.04026442307692308
W_Call after offers-START,W_Call after offers-SUSPEND,interruption,9,0.07758620689655173,0.11675925925925926
O_Sent (online only)-COMPLETE,W_Complete application-ATE_ABORT,all,104,1.0,0.0
O_Sent (online only)-COMPLETE,W_Complete application-ATE_ABORT,continuation,104,1.0,0.0
O_Sent (mail and online)-COMPLETE,O_Returned-COMPLETE,all,100,1.0,73.75110833333333
O_Sent (mail and online)-COMPLETE,O_Returned-COMPLETE,continuation,3,0.03,0.004722222222222222
O_Cancelled-COMPLETE,W_Call after offers-COMPLETE,all,100,1.0,0.0
O_Cancelled-COMPLETE,W_Call after offers-COMPLETE,continuation,100,1.0,0.0
W_Validate application-SUSPEND,O_Create Offer-COMPLETE,all,96,1.0,33.795338541666666
W_Validate application-SUSPEND,O_Create Offer-COMPLETE,interruption,3,0.03125,8.354351851851852
O_Refused-COMPLETE,W_Assess potential fraud-COMPLETE,all,93,1.0,0.0
O_Refused-COMPLETE,W_Assess potential fraud-COMPLETE,continuation,93,1.0,0.0
O_Sent (online only)-COMPLETE,O_Create Offer-COMPLETE,all,88,1.0,84.90760101010102
O_Sent (online only)-COMPLETE,O_Create Offer-COMPLETE,continuation,30,0.3409090909090909,0.07747222222222222
O_Sent (online only)-COMPLETE,O_Create Offer-COMPLETE,interruption,3,0.03409090909090909,55.84814814814814
O_Refused-COMPLETE,W_Call after offers-ATE_ABORT,all,88,1.0,0.0
O_Refused-COMPLETE,W_Call after offers-ATE_ABORT,continuation,88,1.0,0.0
O_Returned-COMPLETE,W_Call incomplete files-RESUME,all,88,1.0,27.65693497474747
O_Sent (online only)-COMPLETE,O_Sent (online only)-COMPLETE,all,85,1.0,0.0
O_Sent (online only)-COMPLETE,O_Sent (online only)-COMPLETE,continuation,85,1.0,0.0
O_Sent (online only)-COMPLETE,W_Call after offers-RESUME,all,83,1.0,132.6542235609103
O_Sent (online only)-COMPLETE,W_Call after offers-RESUME,interruption,5,0.060240963855421686,49.01277777777777
W_Assess potential fraud-RESUME,A_Denied-COMPLETE,all,81,1.0,0.09287037037037037
W_Assess potential fraud-RESUME,A_Denied-COMPLETE,continuation,80,0.9876543209876543,0.05378819444444445
W_Call after offers-SUSPEND,A_Denied-COMPLETE,all,80,1.0,69.91002777777778
W_Call after offers-SUSPEND,A_Denied-COMPLETE,continuation,2,0.025,0.15347222222222226
W_Complete application-START,W_Complete application-START,all,80,1.0,0.0496875
W_Complete application-START,W_Complete application-START,continuation,76,0.95,0.05192616959064328
W_Complete application-START,W_Complete application-START,interruption,4,0.05,0.007152777777777778
A_Cancelled-COMPLETE,W_Call after offers-ATE_ABORT,all,79,1.0,0.0
A_Cancelled-COMPLETE,W_Call after offers-ATE_ABORT,continuation,79,1.0,0.0
O_Created-COMPLETE,A_Cancelled-COMPLETE,all,79,1.0,90.73681434599156
O_Created-COMPLETE,A_Cancelled-COMPLETE,continuation,42,0.5316455696202531,0.06468253968253969
O_Created-COMPLETE,A_Cancelled-COMPLETE,interruption,12,0.1518987341772152,0.1823611111111111
W_Handle leads-START,W_Handle leads-START,all,75,1.0,0.030637037037037036
W_Handle leads-START,W_Handle leads-START,continuation,63,0.84,0.03634479717813051
W_Handle leads-START,W_Handle leads-START,interruption,12,0.16,0.0006712962962962962
W_Shortened completion -SCHEDULE,W_Shortened completion -START,all,74,1.0,0.0
W_Shortened completion -SCHEDULE,W_Shortened completion -START,continuation,74,1.0,0.0
O_Cancelled-COMPLETE,W_Validate application-ATE_ABORT,all,71,1.0,0.7206729264475743
O_Cancelled-COMPLETE,W_Validate application-ATE_ABORT,continuation,67,0.9436619718309859,0.006019900497512437
O_Refused-COMPLETE,W_Call incomplete files-COMPLETE,all,68,1.0,0.0
O_Refused-COMPLETE,W_Call incomplete files-COMPLETE,continuation,68,1.0,0.0
W_Validate application-SUSPEND,A_Cancelled-COMPLETE,all,64,1.0,38.85169704861111
W_Validate application-SUSPEND,A_Cancelled-COMPLETE,continuation,2,0.03125,0.009861111111111112
W_Validate application-SUSPEND,A_Cancelled-COMPLETE,interruption,2,0.03125,0.33125
A_Pending-COMPLETE,W_Call incomplete files-COMPLETE,all,59,1.0,0.0
A_Pending-COMPLETE,W_Call incomplete files-COMPLETE,continuation,59,1.0,0.0
W_Call incomplete files-RESUME,A_Denied-COMPLETE,all,58,1.0,0.13457375478927203
W_Call incomplete files-RESUME,A_Denied-COMPLETE,continuation,56,0.9655172413793104,0.13257936507936507
A_Complete-COMPLETE,A_Cancelled-COMPLETE,all,57,1.0,0.1190204678362573
A_Complete-COMPLETE,A_Cancelled-COMPLETE,continuation,55,0.9649122807017544,0.11989393939393939
A_Complete-COMPLETE,A_Cancelled-COMPLETE,interruption,2,0.03508771929824561,0.095
W_Call incomplete files-SUSPEND,O_Cancelled-COMPLETE,all,54,1.0,29.50784465020576
W_Call incomplete files-SUSPEND,O_Cancelled-COMPLETE,continuation,1,0.018518518518518517,0.023055555555555555
W_Call incomplete files-SUSPEND,O_Cancelled-COMPLETE,interruption,2,0.037037037037037035,18.11583333333333
W_Call after offers-RESUME,W_Call after offers-START,all,53,1.0,0.04435010482180294
W_Call after offers-RESUME,W_Call after offers-START,continuation,43,0.8113207547169812,0.020910852713178295
W_Call after offers-RESUME,W_Call after offers-START,interruption,7,0.1320754716981132,0.20734126984126983
O_Cancelled-COMPLETE,W_Complete application-ATE_ABORT,all,53,1.0,0.0
O_Cancelled-COMPLETE,W_Complete application-ATE_ABORT,continuation,53,1.0,0.0
W_Call incomplete files-RESUME,O_Cancelled-COMPLETE,all,52,1.0,0.08295940170940172
W_Call incomplete files-RESUME,O_Cancelled-COMPLETE,continuation,51,0.9807692307692307,0.0814106753812636
W_Call incomplete files-RESUME,O_Cancelled-COMPLETE,interruption,1,0.019230769230769232,0.16194444444444445
A_Accepted-COMPLETE,W_Complete application-START,all,49,1.0,25.4306746031746
A_Accepted-COMPLETE,W_Complete application-START,continuation,7,0.14285714285714285,0.19023809523809526
A_Accepted-COMPLETE,W_Complete application-START,interruption,7,0.14285714285714285,1.2676190476190476
W_Complete application-SUSPEND,W_Complete application-SUSPEND,all,49,1.0,0.0
W_Complete application-SUSPEND,W_Complete application-SUSPEND,continuation,32,0.6530612244897959,0.0
W_Complete application-SUSPEND,W_Complete application-SUSPEND,interruption,17,0.3469387755102041,0.0
W_Call after offers-RESUME,O_Create Offer-COMPLETE,all,47,1.0,0.07812056737588652
W_Call after offers-RESUME,O_Create Offer-COMPLETE,continuation,47,1.0,0.07812056737588652
W_Validate application-START,O_Accepted-COMPLETE,all,45,1.0,0.17378395061728394
W_Validate application-START,O_Accepted-COMPLETE,continuation,44,0.9777777777777777,0.16860479797979797
O_Sent (online only)-COMPLETE,A_Cancelled-COMPLETE,all,45,1.0,601.7196913580246
O_Sent (online only)-COMPLETE,A_Cancelled-COMPLETE,continuation,4,0.08888888888888889,0.05215277777777778
W_Complete application-SUSPEND,O_Cancelled-COMPLETE,all,43,1.0,27.30886304909561
W_Complete application-SUSPEND,O_Cancelled-COMPLETE,continuation,24,0.5581395348837209,0.10953703703703704
W_Complete application-SUSPEND,O_Cancelled-COMPLETE,interruption,1,0.023255813953488372,0.10694444444444445
W_Call incomplete files-RESUME,O_Accepted-COMPLETE,all,40,1.0,0.08163194444444445
W_Call incomplete files-RESUME,O_Accepted-COMPLETE,continuation,22,0.55,0.06931818181818182
A_Complete-COMPLETE,O_Sent (mail and online)-COMPLETE,all,39,1.0,0.01064102564102564
A_Complete-COMPLETE,O_Sent (mail and online)-COMPLETE,continuation,39,1.0,0.01064102564102564
O_Cancelled-COMPLETE,W_Complete application-COMPLETE,all,39,1.0,0.0
O_Cancelled-COMPLETE,W_Complete application-COMPLETE,continuation,39,1.0,0.0
W_Call after offers-RESUME,A_Cancelled-COMPLETE,all,37,1.0,0.042687687687687687
W_Call after offers-RESUME,A_Cancelled-COMPLETE,continuation,37,1.0,0.042687687687687687
W_Assess potential fraud-SUSPEND,W_Assess potential fraud-ATE_ABORT,all,33,1.0,10.993468013468013
W_Assess potential fraud-SUSPEND,W_Assess potential fraud-ATE_ABORT,continuation,3,0.09090909090909091,2.0805555555555557
W_Assess potential fraud-SUSPEND,W_Assess potential fraud-ATE_ABORT,interruption,3,0.09090909090909091,16.611851851851856
W_Shortened completion -START,W_Shortened completion -SUSPEND,all,33,1.0,0.01079124579124579
W_Shortened completion -START,W_Shortened completion -SUSPEND,continuation,33,1.0,0.01079124579124579
W_Validate application-START,A_Denied-COMPLETE,all,33,1.0,0.22930134680134678
W_Validate application-START,A_Denied-COMPLETE,continuation,33,1.0,0.22930134680134678
A_Complete-COMPLETE,W_Shortened completion -SCHEDULE,all,29,1.0,0.02882183908045977
A_Complete-COMPLETE,W_Shortened completion -SCHEDULE,continuation,29,1.0,0.02882183908045977
O_Cancelled-COMPLETE,A_Denied-COMPLETE,all,29,1.0,2.737145593869732
O_Cancelled-COMPLETE,A_Denied-COMPLETE,continuation,27,0.9310344827586207,0.051748971193415635
W_Complete application-SUSPEND,A_Cancelled-COMPLETE,all,28,1.0,192.8385714285714
W_Complete application-SUSPEND,A_Cancelled-COMPLETE,continuation,3,0.10714285714285714,0.12268518518518519
W_Complete application-SUSPEND,A_Cancelled-COMPLETE,interruption,5,0.17857142857142858,15.999388888888891
W_Assess potential fraud-START,W_Assess potential fraud-COMPLETE,all,28,1.0,0.0566468253968254
W_Assess potential fraud-START,W_Assess potential fraud-COMPLETE,continuation,27,0.9642857142857143,0.05848765432098765
W_Assess potential fraud-RESUME,W_Assess potential fraud-START,all,28,1.0,1.4354563492063492
W_Assess potential fraud-RESUME,W_Assess potential fraud-START,continuation,24,0.8571428571428571,1.4513657407407408
W_Assess potential fraud-RESUME,W_Assess potential fraud-START,interruption,4,0.14285714285714285,1.34
W_Shortened completion -SUSPEND,W_Call after offers-SUSPEND,all,27,1.0,0.0
W_Shortened completion -SUSPEND,W_Call after offers-SUSPEND,continuation,27,1.0,0.0
O_Created-COMPLETE,W_Complete application-START,all,27,1.0,19.15238683127572
O_Created-COMPLETE,W_Complete application-START,continuation,6,0.2222222222222222,0.012962962962962963
O_Created-COMPLETE,W_Complete application-START,handover_idle,1,0.037037037037037035,0.015277777777777777
O_Sent (online only)-COMPLETE,O_Cancelled-COMPLETE,all,27,1.0,7.146471193415639
O_Sent (online only)-COMPLETE,O_Cancelled-COMPLETE,continuation,21,0.7777777777777778,0.010793650793650795
O_Sent (online only)-COMPLETE,W_Call after offers-SUSPEND,all,26,1.0,0.06507478632478633
O_Sent (online only)-COMPLETE,W_Call after offers-SUSPEND,continuation,26,1.0,0.06507478632478633
W_Assess potential fraud-ATE_ABORT,W_Validate application-SCHEDULE,all,25,1.0,0.0
W_Assess potential fraud-ATE_ABORT,W_Validate application-SCHEDULE,continuation,25,1.0,0.0
O_Returned-COMPLETE,A_Denied-COMPLETE,all,25,1.0,35.112144444444446
O_Returned-COMPLETE,A_Denied-COMPLETE,continuation,15,0.6,0.2295
A_Cancelled-COMPLETE,W_Call incomplete files-COMPLETE,all,24,1.0,0.0
A_Cancelled-COMPLETE,W_Call incomplete files-COMPLETE,continuation,24,1.0,0.0
W_Validate application-START,W_Validate application-START,all,24,1.0,0.7030555555555554
W_Validate application-START,W_Validate application-START,continuation,24,1.0,0.7030555555555554
W_Complete application-START,O_Create Offer-COMPLETE,all,24,1.0,0.09243055555555556
W_Complete application-START,O_Create Offer-COMPLETE,continuation,21,0.875,0.0991005291005291
O_Sent (online only)-COMPLETE,W_Call after offers-WITHDRAW,all,24,1.0,152.1876736111111
O_Created-COMPLETE,W_Call after offers-ATE_ABORT,all,23,1.0,162.54666666666665
O_Cancelled-COMPLETE,W_Validate application-COMPLETE,all,23,1.0,0.011062801932367151
O_Cancelled-COMPLETE,W_Validate application-COMPLETE,continuation,23,1.0,0.011062801932367151
W_Handle leads-WITHDRAW,W_Assess potential fraud-SCHEDULE,all,22,1.0,0.0
W_Handle leads-WITHDRAW,W_Assess potential fraud-SCHEDULE,continuation,22,1.0,0.0
O_Sent (mail and online)-COMPLETE,W_Validate application-RESUME,all,21,1.0,39.095753968253966
W_Call after offers-SUSPEND,W_Shortened completion -SUSPEND,all,20,1.0,0.0
W_Call after offers-SUSPEND,W_Shortened completion -SUSPEND,continuation,20,1.0,0.0
W_Validate application-ATE_ABORT,W_Validate application-SCHEDULE,all,19,1.0,0.0
W_Validate application-ATE_ABORT,W_Validate application-SCHEDULE,continuation,19,1.0,0.0
A_Incomplete-COMPLETE,O_Accepted-COMPLETE,all,19,1.0,0.05403508771929824
A_Incomplete-COMPLETE,O_Accepted-COMPLETE,continuation,19,1.0,0.05403508771929824
O_Cancelled-COMPLETE,W_Complete application-SUSPEND,all,19,1.0,0.09630116959064328
O_Cancelled-COMPLETE,W_Complete application-SUSPEND,continuation,18,0.9473684210526315,0.09941358024691359
O_Refused-COMPLETE,W_Call after offers-COMPLETE,all,19,1.0,0.0
O_Refused-COMPLETE,W_Call after offers-COMPLETE,continuation,19,1.0,0.0
W_Shortened completion -START,W_Call after offers-SUSPEND,all,19,1.0,0.01793859649122807
W_Shortened completion -START,W_Call after offers-SUSPEND,continuation,19,1.0,0.01793859649122807
W_Shortened completion -SUSPEND,W_Call after offers-RESUME,all,19,1.0,109.24733918128655
W_Validate application-COMPLETE,W_Validate application-SCHEDULE,all,18,1.0,0.0
W_Validate application-COMPLETE,W_Validate application-SCHEDULE,continuation,18,1.0,0.0
W_Call incomplete files-COMPLETE,O_Cancelled-COMPLETE,all,18,1.0,0.0
W_Call incomplete files-COMPLETE,O_Cancelled-COMPLETE,continuation,18,1.0,0.0
W_Assess potential fraud-COMPLETE,W_Handle leads-SCHEDULE,all,18,1.0,0.0
W_Assess potential fraud-COMPLETE,W_Handle leads-SCHEDULE,continuation,18,1.0,0.0
O_Created-COMPLETE,A_Denied-COMPLETE,all,18,1.0,0.17125
O_Created-COMPLETE,A_Denied-COMPLETE,continuation,17,0.9444444444444444,0.13955882352941176
O_Created-COMPLETE,A_Denied-COMPLETE,interruption,1,0.05555555555555555,0.7100000000000001
O_Sent (online only)-COMPLETE,W_Validate application-RESUME,all,18,1.0,39.89452160493827
A_Cancelled-COMPLETE,W_Call incomplete files-ATE_ABORT,all,17,1.0,0.0
A_Cancelled-COMPLETE,W_Call incomplete files-ATE_ABORT,continuation,17,1.0,0.0
O_Sent (mail and online)-COMPLETE,W_Validate application-ATE_ABORT,all,17,1.0,9.024999999999999
O_Sent (mail and online)-COMPLETE,W_Validate application-ATE_ABORT,continuation,10,0.5882352941176471,0.08836111111111111
O_Returned-COMPLETE,W_Call incomplete files-COMPLETE,all,17,1.0,0.05333333333333333
O_Returned-COMPLETE,W_Call incomplete files-COMPLETE,continuation,16,0.9411764705882353,0.054913194444444445
A_Complete-COMPLETE,W_Shortened completion -SUSPEND,all,16,1.0,0.036319444444444446
A_Complete-COMPLETE,W_Shortened completion -SUSPEND,continuation,16,1.0,0.036319444444444446
W_Shortened completion -START,A_Accepted-COMPLETE,all,16,1.0,0.07256944444444445
W_Shortened completion -START,A_Accepted-COMPLETE,continuation,16,1.0,0.07256944444444445
W_Call after offers-SCHEDULE,O_Cancelled-COMPLETE,all,16,1.0,254.17395833333333
O_Returned-COMPLETE,O_Returned-COMPLETE,all,16,1.0,2.700416666666667
O_Returned-COMPLETE,O_Returned-COMPLETE,continuation,14,0.875,0.014384920634920636
W_Complete application-START,O_Sent (mail and online)-COMPLETE,all,15,1.0,0.026018518518518517
W_Complete application-START,O_Sent (mail and online)-COMPLETE,continuation,12,0.8,0.03127314814814815
A_Complete-COMPLETE,A_Denied-COMPLETE,all,15,1.0,0.14214814814814816
A_Complete-COMPLETE,A_Denied-COMPLETE,continuation,15,1.0,0.14214814814814816
W_Validate application-RESUME,A_Cancelled-COMPLETE,all,14,1.0,0.07396825396825397
W_Validate application-RESUME,A_Cancelled-COMPLETE,continuation,13,0.9285714285714286,0.06410256410256411
W_Validate application-RESUME,A_Cancelled-COMPLETE,interruption,1,0.07142857142857142,0.20222222222222222
A_Concept-COMPLETE,W_Shortened completion -SCHEDULE,all,14,1.0,35.15394841269841
W_Call after offers-RESUME,W_Call after offers-COMPLETE,all,14,1.0,0.028968253968253966
W_Call after offers-RESUME,W_Call after offers-COMPLETE,continuation,12,0.8571428571428571,0.03333333333333333
O_Created-COMPLETE,W_Call incomplete files-SUSPEND,all,14,1.0,0.07503968253968253
O_Created-COMPLETE,W_Call incomplete files-SUSPEND,continuation,14,1.0,0.07503968253968253
W_Complete application-START,W_Shortened completion -SCHEDULE,all,14,1.0,0.01876984126984127
W_Complete application-START,W_Shortened completion -SCHEDULE,continuation,14,1.0,0.01876984126984127
W_Validate application-SUSPEND,O_Cancelled-COMPLETE,all,13,1.0,21.306346153846157
W_Validate application-SUSPEND,O_Cancelled-COMPLETE,interruption,3,0.23076923076923078,40.59203703703704
A_Cancelled-COMPLETE,W_Call after offers-WITHDRAW,all,13,1.0,0.0
A_Cancelled-COMPLETE,W_Call after offers-WITHDRAW,continuation,13,1.0,0.0
O_Refused-COMPLETE,W_Complete application-COMPLETE,all,13,1.0,0.0
O_Refused-COMPLETE,W_Complete application-COMPLETE,continuation,13,1.0,0.0
O_Created-COMPLETE,W_Call after offers-RESUME,all,13,1.0,47.031645299145296
O_Created-COMPLETE,W_Call after offers-RESUME,interruption,1,0.07692307692307693,24.48472222222222
O_Sent (online only)-COMPLETE,W_Call incomplete files-COMPLETE,all,13,1.0,0.022542735042735042
O_Sent (online only)-COMPLETE,W_Call incomplete files-COMPLETE,continuation,13,1.0,0.022542735042735042
W_Shortened completion -SUSPEND,A_Accepted-COMPLETE,all,13,1.0,14.720470085470087
W_Call incomplete files-START,W_Call incomplete files-COMPLETE,all,12,1.0,0.09664351851851853
W_Call incomplete files-START,W_Call incomplete files-COMPLETE,continuation,12,1.0,0.09664351851851853
W_Call after offers-ATE_ABORT,W_Assess potential fraud-SCHEDULE,all,12,1.0,0.0
W_Call after offers-ATE_ABORT,W_Assess potential fraud-SCHEDULE,continuation,12,1.0,0.0
W_Assess potential fraud-START,A_Denied-COMPLETE,all,12,1.0,0.047615740740740736
W_Assess potential fraud-START,A_Denied-COMPLETE,continuation,12,1.0,0.047615740740740736
A_Validating-COMPLETE,A_Denied-COMPLETE,all,12,1.0,0.07231481481481482
A_Validating-COMPLETE,A_Denied-COMPLETE,continuation,12,1.0,0.07231481481481482
W_Complete application-SUSPEND,W_Complete application-ATE_ABORT,all,11,1.0,18.883888888888887
A_Cancelled-COMPLETE,W_Call after offers-COMPLETE,all,11,1.0,0.0
A_Cancelled-COMPLETE,W_Call after offers-COMPLETE,continuation,11,1.0,0.0
W_Assess potential fraud-COMPLETE,W_Assess potential fraud-SCHEDULE,all,11,1.0,0.0
W_Assess potential fraud-COMPLETE,W_Assess potential fraud-SCHEDULE,continuation,11,1.0,0.0
W_Call after offers-SUSPEND,O_Sent (mail and online)-COMPLETE,all,11,1.0,43.798005050505054
W_Call after offers-SUSPEND,O_Sent (mail and online)-COMPLETE,continuation,1,0.09090909090909091,0.009444444444444445
W_Call after offers-SUSPEND,O_Sent (mail and online)-COMPLETE,interruption,1,0.09090909090909091,0.41916666666666663
O_Sent (online only)-COMPLETE,W_Complete application-WITHDRAW,all,11,1.0,0.0
O_Sent (online only)-COMPLETE,W_Complete application-WITHDRAW,continuation,11,1.0,0.0
O_Cancelled-COMPLETE,W_Call incomplete files-SUSPEND,all,11,1.0,0.1088888888888889
O_Cancelled-COMPLETE,W_Call incomplete files-SUSPEND,continuation,9,0.8181818181818182,0.09901234567901235
O_Cancelled-COMPLETE,W_Call incomplete files-SUSPEND,interruption,2,0.18181818181818182,0.15333333333333332
O_Cancelled-COMPLETE,W_Call incomplete files-RESUME,all,11,1.0,93.98856060606062
O_Cancelled-COMPLETE,W_Call incomplete files-RESUME,interruption,1,0.09090909090909091,167.18305555555557
O_Cancelled-COMPLETE,O_Sent (online only)-COMPLETE,all,11,1.0,0.013434343434343436
O_Cancelled-COMPLETE,O_Sent (online only)-COMPLETE,continuation,11,1.0,0.013434343434343436
W_Complete application-RESUME,O_Cancelled-COMPLETE,all,10,1.0,0.15708333333333332
W_Complete application-RESUME,O_Cancelled-COMPLETE,continuation,10,1.0,0.15708333333333332
W_Assess potential fraud-COMPLETE,W_Complete application-SCHEDULE,all,10,1.0,0.0
W_Assess potential fraud-COMPLETE,W_Complete application-SCHEDULE,continuation,10,1.0,0.0
O_Sent (online only)-COMPLETE,W_Validate application-ATE_ABORT,all,10,1.0,43.77547222222222
O_Sent (online only)-COMPLETE,W_Validate application-ATE_ABORT,continuation,2,0.2,0.04819444444444444
O_Created-COMPLETE,W_Call after offers-SUSPEND,all,10,1.0,0.06588888888888889
O_Created-COMPLETE,W_Call after offers-SUSPEND,continuation,9,0.9,0.07311728395061728
W_Complete application-ATE_ABORT,W_Complete application-SCHEDULE,all,9,1.0,0.0
W_Complete application-ATE_ABORT,W_Complete application-SCHEDULE,continuation,9,1.0,0.0
W_Assess potential fraud-SUSPEND,A_Denied-COMPLETE,all,9,1.0,31.798981481481487
W_Assess potential fraud-SUSPEND,A_Denied-COMPLETE,continuation,3,0.3333333333333333,1.6780555555555556
W_Assess potential fraud-SUSPEND,A_Denied-COMPLETE,interruption,1,0.1111111111111111,98.02055555555556
W_Complete application-SUSPEND,O_Sent (online only)-COMPLETE,all,9,1.0,2.5439814814814814
W_Complete application-SUSPEND,O_Sent (online only)-COMPLETE,continuation,3,0.3333333333333333,0.03509259259259259
W_Complete application-SUSPEND,O_Sent (online only)-COMPLETE,interruption,2,0.2222222222222222,1.0150000000000001
W_Assess potential fraud-COMPLETE,W_Call after offers-SCHEDULE,all,9,1.0,0.0
W_Assess potential fraud-COMPLETE,W_Call after offers-SCHEDULE,continuation,9,1.0,0.0
A_Incomplete-COMPLETE,A_Denied-COMPLETE,all,9,1.0,0.04916666666666667
A_Incomplete-COMPLETE,A_Denied-COMPLETE,continuation,9,1.0,0.04916666666666667
O_Sent (mail and online)-COMPLETE,W_Call incomplete files-COMPLETE,all,9,1.0,0.1306172839506173
O_Sent (mail and online)-COMPLETE,W_Call incomplete files-COMPLETE,continuation,9,1.0,0.1306172839506173
O_Refused-COMPLETE,W_Assess potential fraud-ATE_ABORT,all,9,1.0,0.0
O_Refused-COMPLETE,W_Assess potential fraud-ATE_ABORT,continuation,9,1.0,0.0
O_Refused-COMPLETE,W_Complete application-ATE_ABORT,all,9,1.0,0.0
O_Refused-COMPLETE,W_Complete application-ATE_ABORT,continuation,9,1.0,0.0
W_Complete application-RESUME,A_Cancelled-COMPLETE,all,8,1.0,0.09222222222222222
W_Complete application-RESUME,A_Cancelled-COMPLETE,continuation,7,0.875,0.1048015873015873
W_Call incomplete files-COMPLETE,W_Assess potential fraud-SCHEDULE,all,8,1.0,0.0
W_Call incomplete files-COMPLETE,W_Assess potential fraud-SCHEDULE,continuation,8,1.0,0.0
W_Handle leads-RESUME,W_Handle leads-START,all,8,1.0,0.10104166666666667
W_Handle leads-RESUME,W_Handle leads-START,continuation,5,0.625,0.15866666666666665
W_Handle leads-RESUME,W_Handle leads-START,interruption,3,0.375,0.005
O_Sent (mail and online)-COMPLETE,A_Denied-COMPLETE,all,8,1.0,110.33680555555554
O_Sent (mail and online)-COMPLETE,A_Denied-COMPLETE,continuation,1,0.125,0.004166666666666667
O_Created-COMPLETE,W_Call incomplete files-RESUME,all,8,1.0,39.89798611111111
W_Validate application-RESUME,O_Create Offer-COMPLETE,all,8,1.0,0.3472222222222222
W_Validate application-RESUME,O_Create Offer-COMPLETE,continuation,8,1.0,0.3472222222222222
W_Call incomplete files-SUSPEND,O_Sent (online only)-COMPLETE,all,8,1.0,4.690486111111111
W_Call incomplete files-SUSPEND,O_Sent (online only)-COMPLETE,interruption,2,0.25,0.02847222222222222
W_Complete application-RESUME,O_Sent (online only)-COMPLETE,all,7,1.0,0.0301984126984127
W_Complete application-RESUME,O_Sent (online only)-COMPLETE,continuation,7,1.0,0.0301984126984127
W_Complete application-COMPLETE,W_Assess potential fraud-SCHEDULE,all,7,1.0,0.0
W_Complete application-COMPLETE,W_Assess potential fraud-SCHEDULE,continuation,7,1.0,0.0
W_Call incomplete files-RESUME,O_Sent (online only)-COMPLETE,all,7,1.0,0.06948412698412698
W_Call incomplete files-RESUME,O_Sent (online only)-COMPLETE,continuation,7,1.0,0.06948412698412698
A_Cancelled-COMPLETE,W_Complete application-COMPLETE,all,7,1.0,0.0
A_Cancelled-COMPLETE,W_Complete application-COMPLETE,continuation,7,1.0,0.0
A_Denied-COMPLETE,W_Call incomplete files-ATE_ABORT,all,7,1.0,0.0
A_Denied-COMPLETE,W_Call incomplete files-ATE_ABORT,continuation,7,1.0,0.0
O_Cancelled-COMPLETE,W_Validate application-RESUME,all,7,1.0,36.529246031746034
O_Cancelled-COMPLETE,W_Complete application-RESUME,all,7,1.0,11.894563492063492
W_Personal Loan collection-RESUME,W_Personal Loan collection-SUSPEND,all,7,1.0,0.010476190476190476
W_Personal Loan collection-RESUME,W_Personal Loan collection-SUSPEND,continuation,7,1.0,0.010476190476190476
W_Call after offers-RESUME,O_Cancelled-COMPLETE,all,7,1.0,0.14984126984126986
W_Call after offers-RESUME,O_Cancelled-COMPLETE,continuation,7,1.0,0.14984126984126986
W_Call incomplete files-START,W_Call incomplete files-START,all,7,1.0,0.05607142857142857
W_Call incomplete files-START,W_Call incomplete files-START,continuation,2,0.2857142857142857,0.005833333333333334
W_Call incomplete files-START,W_Call incomplete files-START,interruption,5,0.7142857142857143,0.07616666666666667
W_Complete application-SUSPEND,A_Denied-COMPLETE,all,6,1.0,6.712916666666666
W_Complete application-SUSPEND,A_Denied-COMPLETE,continuation,3,0.5,0.05787037037037037
W_Complete application-SUSPEND,A_Denied-COMPLETE,interruption,2,0.3333333333333333,7.7619444444444445
A_Validating-COMPLETE,A_Cancelled-COMPLETE,all,6,1.0,0.06930555555555555
A_Validating-COMPLETE,A_Cancelled-COMPLETE,continuation,6,1.0,0.06930555555555555
W_Call after offers-WITHDRAW,W_Assess potential fraud-SCHEDULE,all,6,1.0,0.0
W_Call after offers-WITHDRAW,W_Assess potential fraud-SCHEDULE,continuation,6,1.0,0.0
W_Complete application-ATE_ABORT,W_Assess potential fraud-SCHEDULE,all,6,1.0,0.0
W_Complete application-ATE_ABORT,W_Assess potential fraud-SCHEDULE,continuation,6,1.0,0.0
A_Cancelled-COMPLETE,W_Complete application-ATE_ABORT,all,6,1.0,0.0
A_Cancelled-COMPLETE,W_Complete application-ATE_ABORT,continuation,6,1.0,0.0
O_Created-COMPLETE,W_Validate application-ATE_ABORT,all,6,1.0,26.885509259259262
O_Created-COMPLETE,W_Validate application-ATE_ABORT,continuation,2,0.3333333333333333,0.13972222222222222
W_Validate application-START,O_Returned-COMPLETE,all,6,1.0,0.1424074074074074
W_Validate application-START,O_Returned-COMPLETE,continuation,6,1.0,0.1424074074074074
W_Personal Loan collection-SUSPEND,W_Personal Loan collection-RESUME,all,6,1.0,1441.8631944444444
W_Shortened completion -RESUME,W_Shortened completion -SUSPEND,all,6,1.0,0.5275
W_Shortened completion -RESUME,W_Shortened completion -SUSPEND,continuation,3,0.5,0.01916666666666667
W_Shortened completion -SUSPEND,W_Complete application-SUSPEND,all,6,1.0,0.0
W_Shortened completion -SUSPEND,W_Complete application-SUSPEND,continuation,6,1.0,0.0
W_Call incomplete files-SUSPEND,O_Sent (mail and online)-COMPLETE,all,5,1.0,53.721333333333334
A_Denied-COMPLETE,W_Complete application-ATE_ABORT,all,5,1.0,0.0
A_Denied-COMPLETE,W_Complete application-ATE_ABORT,continuation,5,1.0,0.0
W_Call incomplete files-ATE_ABORT,W_Call after offers-SCHEDULE,all,5,1.0,0.0
W_Call incomplete files-ATE_ABORT,W_Call after offers-SCHEDULE,continuation,5,1.0,0.0
W_Call incomplete files-ATE_ABORT,W_Assess potential fraud-SCHEDULE,all,5,1.0,0.0
W_Call incomplete files-ATE_ABORT,W_Assess potential fraud-SCHEDULE,continuation,5,1.0,0.0
A_Denied-COMPLETE,W_Call after offers-COMPLETE,all,5,1.0,0.0
A_Denied-COMPLETE,W_Call after offers-COMPLETE,continuation,5,1.0,0.0
O_Created-COMPLETE,W_Call incomplete files-ATE_ABORT,all,5,1.0,66.55677777777778
O_Sent (mail and online)-COMPLETE,W_Call after offers-START,all,5,1.0,284.8983888888889
W_Complete application-START,A_Cancelled-COMPLETE,all,4,1.0,0.026874999999999996
W_Complete application-START,A_Cancelled-COMPLETE,continuation,3,0.75,0.016759259259259262
W_Complete application-START,A_Cancelled-COMPLETE,interruption,1,0.25,0.057222222222222216
A_Accepted-COMPLETE,W_Shortened completion -SCHEDULE,all,4,1.0,0.020416666666666666
A_Accepted-COMPLETE,W_Shortened completion -SCHEDULE,continuation,4,1.0,0.020416666666666666
A_Denied-COMPLETE,W_Call after offers-ATE_ABORT,all,4,1.0,0.0
A_Denied-COMPLETE,W_Call after offers-ATE_ABORT,continuation,4,1.0,0.0
A_Accepted-COMPLETE,W_Complete application-ATE_ABORT,all,4,1.0,5.977430555555555
A_Accepted-COMPLETE,W_Complete application-ATE_ABORT,continuation,1,0.25,0.035833333333333335
A_Denied-COMPLETE,W_Complete application-COMPLETE,all,4,1.0,0.0
A_Denied-COMPLETE,W_Complete application-COMPLETE,continuation,4,1.0,0.0
A_Concept-COMPLETE,W_Complete application-COMPLETE,all,4,1.0,0.14583333333333334
A_Concept-COMPLETE,W_Complete application-COMPLETE,continuation,3,0.75,0.1425
O_Sent (mail and online)-COMPLETE,W_Validate application-COMPLETE,all,4,1.0,0.07895833333333334
O_Sent (mail and online)-COMPLETE,W_Validate application-COMPLETE,continuation,4,1.0,0.07895833333333334
O_Returned-COMPLETE,A_Cancelled-COMPLETE,all,4,1.0,43.698819444444446
O_Returned-COMPLETE,A_Cancelled-COMPLETE,continuation,2,0.5,0.04777777777777778
O_Cancelled-COMPLETE,W_Complete application-WITHDRAW,all,4,1.0,0.0
O_Cancelled-COMPLETE,W_Complete application-WITHDRAW,continuation,4,1.0,0.0
O_Sent (online only)-COMPLETE,W_Call incomplete files-START,all,4,1.0,0.08104166666666668
O_Sent (online only)-COMPLETE,W_Call incomplete files-START,continuation,3,0.75,0.01898148148148148
O_Sent (online only)-COMPLETE,W_Call incomplete files-START,interruption,1,0.25,0.26722222222222225
W_Call incomplete files-RESUME,O_Sent (mail and online)-COMPLETE,all,3,1.0,0.03009259259259259
W_Call incomplete files-RESUME,O_Sent (mail and online)-COMPLETE,continuation,2,0.6666666666666666,0.04375
W_Assess potential fraud-SCHEDULE,W_Assess potential fraud-WITHDRAW,all,3,1.0,29.39583333333334
W_Assess potential fraud-WITHDRAW,W_Handle leads-SCHEDULE,all,3,1.0,0.0
W_Assess potential fraud-WITHDRAW,W_Handle leads-SCHEDULE,continuation,3,1.0,0.0
W_Call after offers-RESUME,O_Sent (mail and online)-COMPLETE,all,3,1.0,0.01361111111111111
W_Call after offers-RESUME,O_Sent (mail and online)-COMPLETE,continuation,3,1.0,0.01361111111111111
W_Call incomplete files-START,O_Create Offer-COMPLETE,all,3,1.0,0.08907407407407407
W_Call incomplete files-START,O_Create Offer-COMPLETE,continuation,3,1.0,0.08907407407407407
W_Assess potential fraud-ATE_ABORT,W_Call after offers-SCHEDULE,all,3,1.0,0.0
W_Assess potential fraud-ATE_ABORT,W_Call after offers-SCHEDULE,continuation,3,1.0,0.0
W_Assess potential fraud-START,W_Assess potential fraud-START,all,3,1.0,1.0078703703703704
W_Assess potential fraud-START,W_Assess potential fraud-START,continuation,3,1.0,1.0078703703703704
W_Call incomplete files-ATE_ABORT,W_Call incomplete files-SCHEDULE,all,3,1.0,0.0
W_Call incomplete files-ATE_ABORT,W_Call incomplete files-SCHEDULE,continuation,3,1.0,0.0
W_Call after offers-WITHDRAW,W_Call after offers-SCHEDULE,all,3,1.0,0.0
W_Call after offers-WITHDRAW,W_Call after offers-SCHEDULE,continuation,3,1.0,0.0
A_Cancelled-COMPLETE,W_Validate application-ATE_ABORT,all,3,1.0,0.0
A_Cancelled-COMPLETE,W_Validate application-ATE_ABORT,continuation,3,1.0,0.0
W_Complete application-RESUME,W_Complete application-COMPLETE,all,3,1.0,0.17055555555555554
W_Complete application-RESUME,W_Complete application-COMPLETE,continuation,2,0.6666666666666666,0.06930555555555555
A_Incomplete-COMPLETE,O_Create Offer-COMPLETE,all,3,1.0,0.14509259259259258
A_Incomplete-COMPLETE,O_Create Offer-COMPLETE,continuation,3,1.0,0.14509259259259258
W_Complete application-RESUME,A_Denied-COMPLETE,all,3,1.0,0.10824074074074075
W_Complete application-RESUME,A_Denied-COMPLETE,continuation,3,1.0,0.10824074074074075
W_Complete application-START,O_Cancelled-COMPLETE,all,3,1.0,0.03018518518518519
W_Complete application-START,O_Cancelled-COMPLETE,continuation,2,0.6666666666666666,0.04472222222222223
A_Denied-COMPLETE,W_Call incomplete files-COMPLETE,all,3,1.0,0.0
A_Denied-COMPLETE,W_Call incomplete files-COMPLETE,continuation,3,1.0,0.0
O_Cancelled-COMPLETE,O_Returned-COMPLETE,all,3,1.0,59.02657407407407
O_Sent (online only)-COMPLETE,O_Accepted-COMPLETE,all,3,1.0,31.55074074074074
O_Sent (mail and online)-COMPLETE,W_Validate application-SUSPEND,all,3,1.0,0.021111111111111112
O_Sent (mail and online)-COMPLETE,W_Validate application-SUSPEND,continuation,3,1.0,0.021111111111111112
O_Cancelled-COMPLETE,W_Complete application-START,all,3,1.0,95.27490740740741
O_Cancelled-COMPLETE,W_Complete application-START,continuation,1,0.3333333333333333,0.020277777777777777
O_Refused-COMPLETE,W_Complete application-WITHDRAW,all,3,1.0,0.0
O_Refused-COMPLETE,W_Complete application-WITHDRAW,continuation,3,1.0,0.0
W_Complete application-RESUME,W_Shortened completion -SCHEDULE,all,3,1.0,0.0524074074074074
W_Complete application-RESUME,W_Shortened completion -SCHEDULE,continuation,3,1.0,0.0524074074074074
W_Shortened completion -START,W_Complete application-SUSPEND,all,3,1.0,0.01351851851851852
W_Shortened completion -START,W_Complete application-SUSPEND,continuation,3,1.0,0.01351851851851852
W_Complete application-SUSPEND,W_Shortened completion -SUSPEND,all,3,1.0,0.0
W_Complete application-SUSPEND,W_Shortened completion -SUSPEND,continuation,3,1.0,0.0
W_Shortened completion -SUSPEND,W_Call after offers-ATE_ABORT,all,3,1.0,111.16462962962964
W_Call after offers-SUSPEND,W_Shortened completion -SCHEDULE,all,3,1.0,0.015648148148148147
W_Call after offers-SUSPEND,W_Shortened completion -SCHEDULE,continuation,3,1.0,0.015648148148148147
W_Complete application-SUSPEND,W_Shortened completion -SCHEDULE,all,3,1.0,26.555462962962963
A_Complete-COMPLETE,O_Sent (online only)-COMPLETE,all,2,1.0,0.014027777777777778
A_Complete-COMPLETE,O_Sent (online only)-COMPLETE,continuation,2,1.0,0.014027777777777778
A_Validating-COMPLETE,O_Create Offer-COMPLETE,all,2,1.0,0.029027777777777777
A_Validating-COMPLETE,O_Create Offer-COMPLETE,continuation,2,1.0,0.029027777777777777
W_Assess potential fraud-ATE_ABORT,W_Complete application-SCHEDULE,all,2,1.0,0.0
W_Assess potential fraud-ATE_ABORT,W_Complete application-SCHEDULE,continuation,2,1.0,0.0
W_Shortened completion -START,W_Shortened completion -START,all,2,1.0,0.0030555555555555557
W_Shortened completion -START,W_Shortened completion -START,continuation,2,1.0,0.0030555555555555557
W_Assess potential fraud-ATE_ABORT,W_Assess potential fraud-SCHEDULE,all,2,1.0,0.0
W_Assess potential fraud-ATE_ABORT,W_Assess potential fraud-SCHEDULE,continuation,2,1.0,0.0
W_Call after offers-START,A_Cancelled-COMPLETE,all,2,1.0,0.004166666666666666
W_Call after offers-START,A_Cancelled-COMPLETE,continuation,2,1.0,0.004166666666666666
W_Call incomplete files-START,A_Cancelled-COMPLETE,all,2,1.0,0.07541666666666666
W_Call incomplete files-START,A_Cancelled-COMPLETE,continuation,2,1.0,0.07541666666666666
W_Call after offers-SCHEDULE,A_Denied-COMPLETE,all,2,1.0,413.4873611111111
A_Denied-COMPLETE,W_Complete application-WITHDRAW,all,2,1.0,0.0
A_Denied-COMPLETE,W_Complete application-WITHDRAW,continuation,2,1.0,0.0
A_Pending-COMPLETE,W_Call after offers-ATE_ABORT,all,2,1.0,0.0
A_Pending-COMPLETE,W_Call after offers-ATE_ABORT,continuation,2,1.0,0.0
O_Created-COMPLETE,W_Validate application-COMPLETE,all,2,1.0,0.03986111111111111
O_Created-COMPLETE,W_Validate application-COMPLETE,continuation,2,1.0,0.03986111111111111
O_Returned-COMPLETE,O_Cancelled-COMPLETE,all,2,1.0,0.0225
O_Returned-COMPLETE,O_Cancelled-COMPLETE,continuation,2,1.0,0.0225
O_Returned-COMPLETE,O_Create Offer-COMPLETE,all,2,1.0,2.311111111111111
O_Returned-COMPLETE,O_Create Offer-COMPLETE,continuation,1,0.5,0.26666666666666666
O_Created-COMPLETE,W_Shortened completion -SCHEDULE,all,2,1.0,0.020555555555555556
O_Created-COMPLETE,W_Shortened completion -SCHEDULE,continuation,2,1.0,0.020555555555555556
O_Sent (online only)-COMPLETE,W_Call after offers-START,all,2,1.0,16.580277777777777
O_Refused-COMPLETE,W_Call after offers-WITHDRAW,all,2,1.0,0.0
O_Refused-COMPLETE,W_Call after offers-WITHDRAW,continuation,2,1.0,0.0
W_Personal Loan collection-SCHEDULE,W_Personal Loan collection-START,all,2,1.0,0.0
W_Personal Loan collection-SCHEDULE,W_Personal Loan collection-START,continuation,2,1.0,0.0
W_Personal Loan collection-START,W_Personal Loan collection-START,all,2,1.0,0.0011111111111111111
W_Personal Loan collection-START,W_Personal Loan collection-START,continuation,2,1.0,0.0011111111111111111
W_Personal Loan collection-START,W_Personal Loan collection-SUSPEND,all,2,1.0,0.0038888888888888888
W_Personal Loan collection-START,W_Personal Loan collection-SUSPEND,continuation,2,1.0,0.0038888888888888888
W_Complete application-COMPLETE,W_Complete application-SCHEDULE,all,2,1.0,0.0
W_Complete application-COMPLETE,W_Complete application-SCHEDULE,continuation,2,1.0,0.0
W_Call incomplete files-RESUME,O_Returned-COMPLETE,all,2,1.0,0.1701388888888889
W_Call after offers-START,W_Call after offers-START,all,2,1.0,0.004166666666666667
W_Call after offers-START,W_Call after offers-START,continuation,2,1.0,0.004166666666666667
W_Call after offers-SUSPEND,O_Accepted-COMPLETE,all,2,1.0,0.34305555555555556
W_Call after offers-RESUME,A_Denied-COMPLETE,all,2,1.0,0.0913888888888889
W_Call after offers-RESUME,A_Denied-COMPLETE,continuation,2,1.0,0.0913888888888889
W_Shortened completion -START,O_Create Offer-COMPLETE,all,2,1.0,0.15958333333333333
W_Shortened completion -START,O_Create Offer-COMPLETE,continuation,2,1.0,0.15958333333333333
W_Shortened completion -SUSPEND,W_Complete application-START,all,2,1.0,17.595555555555556
W_Call after offers-ATE_ABORT,W_Shortened completion -RESUME,all,2,1.0,2165.5534722222224
W_Validate application-SUSPEND,W_Shortened completion -RESUME,all,2,1.0,2.585
W_Validate application-SUSPEND,W_Shortened completion -RESUME,interruption,1,0.5,4.026666666666666
A_Denied-COMPLETE,W_Validate application-COMPLETE,all,1,1.0,0.0
A_Denied-COMPLETE,W_Validate application-COMPLETE,continuation,1,1.0,0.0
W_Assess potential fraud-ATE_ABORT,W_Handle leads-SCHEDULE,all,1,1.0,0.0
W_Assess potential fraud-ATE_ABORT,W_Handle leads-SCHEDULE,continuation,1,1.0,0.0
W_Shortened completion -SUSPEND,O_Sent (mail and online)-COMPLETE,all,1,1.0,0.017222222222222226
W_Shortened completion -SUSPEND,O_Sent (mail and online)-COMPLETE,continuation,1,1.0,0.017222222222222226
W_Shortened completion -START,O_Sent (mail and online)-COMPLETE,all,1,1.0,0.041944444444444444
W_Shortened completion -START,O_Sent (mail and online)-COMPLETE,continuation,1,1.0,0.041944444444444444
A_Accepted-COMPLETE,W_Shortened completion -SUSPEND,all,1,1.0,0.1872222222222222
A_Accepted-COMPLETE,W_Shortened completion -SUSPEND,continuation,1,1.0,0.1872222222222222
W_Call incomplete files-COMPLETE,A_Denied-COMPLETE,all,1,1.0,0.0275
W_Call incomplete files-COMPLETE,A_Denied-COMPLETE,continuation,1,1.0,0.0275
W_Call after offers-START,O_Create Offer-COMPLETE,all,1,1.0,0.008888888888888889
W_Call after offers-START,O_Create Offer-COMPLETE,continuation,1,1.0,0.008888888888888889
A_Incomplete-COMPLETE,W_Shortened completion -SUSPEND,all,1,1.0,0.0044444444444444444
A_Incomplete-COMPLETE,W_Shortened completion -SUSPEND,continuation,1,1.0,0.0044444444444444444
W_Call after offers-START,A_Denied-COMPLETE,all,1,1.0,0.08416666666666667
W_Call after offers-START,A_Denied-COMPLETE,continuation,1,1.0,0.08416666666666667
W_Call after offers-SUSPEND,O_Returned-COMPLETE,all,1,1.0,0.018055555555555554
A_Denied-COMPLETE,W_Validate application-ATE_ABORT,all,1,1.0,0.0
A_Denied-COMPLETE,W_Validate application-ATE_ABORT,continuation,1,1.0,0.0
A_Cancelled-COMPLETE,W_Complete application-WITHDRAW,all,1,1.0,0.0
A_Cancelled-COMPLETE,W_Complete application-WITHDRAW,continuation,1,1.0,0.0
O_Sent (online only)-COMPLETE,O_Sent (mail and online)-COMPLETE,all,1,1.0,0.0033333333333333335
O_Sent (online only)-COMPLETE,O_Sent (mail and online)-COMPLETE,continuation,1,1.0,0.0033333333333333335
O_Returned-COMPLETE,W_Validate application-START,all,1,1.0,0.6241666666666668
O_Returned-COMPLETE,W_Validate application-START,continuation,1,1.0,0.6241666666666668
O_Sent (online only)-COMPLETE,A_Denied-COMPLETE,all,1,1.0,20.099444444444444
O_Sent (mail and online)-COMPLETE,O_Accepted-COMPLETE,all,1,1.0,52.56611111111111
O_Created-COMPLETE,W_Call incomplete files-COMPLETE,all,1,1.0,0.029444444444444443
O_Created-COMPLETE,W_Call incomplete files-COMPLETE,continuation,1,1.0,0.029444444444444443
O_Cancelled-COMPLETE,W_Shortened completion -RESUME,all,1,1.0,2887.0608333333334
O_Sent (mail and online)-COMPLETE,O_Sent (online only)-COMPLETE,all,1,1.0,0.01111111111111111
O_Sent (mail and online)-COMPLETE,O_Sent (online only)-COMPLETE,continuation,1,1.0,0.01111111111111111
O_Cancelled-COMPLETE,O_Accepted-COMPLETE,all,1,1.0,21.185555555555556
O_Created-COMPLETE,W_Shortened completion -SUSPEND,all,1,1.0,0.09111111111111111
O_Created-COMPLETE,W_Shortened completion -SUSPEND,continuation,1,1.0,0.09111111111111111
A_Accepted-COMPLETE,W_Complete application-COMPLETE,all,1,1.0,0.3202777777777778
A_Accepted-COMPLETE,W_Complete application-COMPLETE,continuation,1,1.0,0.3202777777777778
O_Created-COMPLETE,W_Validate application-RESUME,all,1,1.0,0.6922222222222222
O_Returned-COMPLETE,W_Call after offers-ATE_ABORT,all,1,1.0,4.416388888888889
W_Call incomplete files-START,A_Denied-COMPLETE,all,1,1.0,0.09861111111111112
W_Call incomplete files-START,A_Denied-COMPLETE,continuation,1,1.0,0.09861111111111112
W_Call incomplete files-ATE_ABORT,W_Personal Loan collection-SCHEDULE,all,1,1.0,3202.6130555555555
W_Call after offers-START,W_Call after offers-COMPLETE,all,1,1.0,0.01611111111111111
W_Call after offers-START,W_Call after offers-COMPLETE,continuation,1,1.0,0.01611111111111111
A_Validating-COMPLETE,W_Validate application-START,all,1,1.0,0.6547222222222222
A_Validating-COMPLETE,W_Validate application-START,continuation,1,1.0,0.6547222222222222
W_Validate application-RESUME,O_Cancelled-COMPLETE,all,1,1.0,0.19
W_Validate application-RESUME,O_Cancelled-COMPLETE,continuation,1,1.0,0.19
W_Validate application-START,W_Personal Loan collection-SCHEDULE,all,1,1.0,0.008611111111111113
W_Validate application-START,W_Personal Loan collection-SCHEDULE,continuation,1,1.0,0.008611111111111113
W_Personal Loan collection-SUSPEND,W_Validate application-SUSPEND,all,1,1.0,0.0
W_Personal Loan collection-SUSPEND,W_Validate application-SUSPEND,continuation,1,1.0,0.0
W_Validate application-COMPLETE,W_Personal Loan collection-RESUME,all,1,1.0,483.98611111111114
W_Call after offers-ATE_ABORT,O_Cancelled-COMPLETE,all,1,1.0,0.0
W_Call after offers-ATE_ABORT,O_Cancelled-COMPLETE,continuation,1,1.0,0.0
W_Validate application-SUSPEND,O_Sent (online only)-COMPLETE,all,1,1.0,0.006944444444444445
W_Validate application-SUSPEND,O_Sent (online only)-COMPLETE,continuation,1,1.0,0.006944444444444445
W_Shortened completion -SUSPEND,W_Complete application-RESUME,all,1,1.0,99.52972222222223
W_Call after offers-RESUME,W_Shortened completion -SCHEDULE,all,1,1.0,0.006666666666666667
W_Call after offers-RESUME,W_Shortened completion -SCHEDULE,continuation,1,1.0,0.006666666666666667
W_Shortened completion -SUSPEND,O_Create Offer-COMPLETE,all,1,1.0,31.038055555555555
W_Complete application-WITHDRAW,W_Shortened completion -RESUME,all,1,1.0,2684.9705555555556
W_Shortened completion -SUSPEND,W_Shortened completion -RESUME,all,1,1.0,699.1197222222222
W_Shortened completion -RESUME,W_Validate application-ATE_ABORT,all,1,1.0,0.05305555555555555
W_Shortened completion -RESUME,W_Validate application-ATE_ABORT,continuation,1,1.0,0.05305555555555555
W_Shortened completion -SUSPEND,W_Call incomplete files-SUSPEND,all,1,1.0,0.0
W_Shortened completion -SUSPEND,W_Call incomplete files-SUSPEND,continuation,1,1.0,0.0
W_Shortened completion -SUSPEND,W_Validate application-RESUME,all,1,1.0,0.5147222222222222
W_Complete application-COMPLETE,W_Shortened completion -SCHEDULE,all,1,1.0,0.004722222222222222
W_Complete application-COMPLETE,W_Shortened completion -SCHEDULE,continuation,1,1.0,0.004722222222222222
W_Complete application-START,W_Complete application-COMPLETE,all,1,1.0,0.010555555555555556
W_Complete application-START,W_Complete application-COMPLETE,continuation,1,1.0,0.010555555555555556
W_Handle leads-COMPLETE,W_Handle leads-SCHEDULE,all,1,1.0,0.0
W_Handle leads-COMPLETE,W_Handle leads-SCHEDULE,continuation,1,1.0,0.0
